Step,AgentsRemaining,ConflictCount,VolunteerActions,ObstaclesRemaining,AvgDFF,AvgAFF
1,149,16,3,77,0.1208,0.0000
2,147,24,0,77,0.0225,0.0000
3,147,16,0,77,0.0048,0.0000
4,147,10,0,77,0.0010,0.0000
5,147,21,0,77,0.0002,0.0000
6,146,24,3,74,0.0000,0.0000
7,144,21,0,74,0.0000,0.0000
8,142,24,0,74,0.0000,0.0000
9,142,23,0,74,0.0000,0.0000
10,138,27,0,74,0.0000,0.0000
11,136,29,0,74,0.0000,0.0000
12,134,24,1,73,0.0000,0.0155
13,131,23,1,72,0.0000,0.0116
14,126,21,1,71,0.0000,0.0000
15,124,25,0,71,0.0000,0.0000
16,120,22,0,71,0.0000,0.0000
17,118,23,0,71,0.0000,0.0000
18,112,21,2,69,0.0000,0.0069
19,105,18,0,69,0.0000,0.0050
20,100,16,1,68,0.0000,0.0000
21,92,18,0,68,0.0000,0.0000
22,88,16,0,68,0.0000,0.0000
23,84,14,0,68,0.0000,0.0000
24,80,17,1,67,0.0000,0.0256
25,75,14,1,66,0.0000,0.0158
26,68,12,0,66,0.0000,0.0000
27,64,14,0,66,0.0000,0.0000
28,60,8,0,66,0.0000,0.0000
29,58,11,0,66,0.0000,0.0000
30,53,9,0,66,0.0000,0.0453
31,49,9,1,65,0.0000,0.0262
32,45,6,0,65,0.0000,0.0286
33,42,6,1,64,0.0000,0.0257
34,39,6,0,64,0.0000,0.0289
35,35,6,0,64,0.0000,0.0325
36,34,5,1,63,0.0000,0.0492
37,33,5,0,63,0.0000,0.0236
38,30,5,0,63,0.0000,0.0219
39,28,3,0,63,0.0000,0.0235
40,25,4,0,63,0.0000,0.0234
41,22,1,0,63,0.0000,0.0175
42,20,4,0,63,0.0000,0.0251
43,18,2,1,62,0.0000,0.0117
44,17,1,0,62,0.0000,0.0118
45,17,1,1,61,0.0000,0.0000
46,14,0,0,61,0.0000,0.0000
47,13,1,0,61,0.0000,0.0000
48,12,0,0,61,0.0000,0.0699
49,12,1,0,61,0.0000,0.0699
50,12,0,1,60,0.0000,0.0389
51,12,0,2,58,0.0000,0.0000
52,11,0,0,58,0.0000,0.0000
53,9,1,0,58,0.0000,0.0000
54,9,1,1,57,0.0000,0.0593
55,9,0,0,57,0.0000,0.0444
56,6,0,1,56,0.0000,0.0333
57,6,0,1,55,0.0000,0.0000
58,2,0,0,55,0.0000,0.0000
59,2,0,0,55,0.0000,0.0000
60,1,0,0,55,0.0000,0.2000
61,1,0,0,55,0.0000,0.2000
62,1,0,0,55,0.0000,0.2000
63,1,0,1,54,0.0000,0.0000
64,1,0,0,54,0.0000,0.0000
65,1,0,0,54,0.0000,0.0000
66,1,0,0,54,0.0000,0.2000
67,1,0,0,54,0.0000,0.2000
68,1,0,1,53,0.0000,0.0000
69,1,0,0,53,0.0000,0.0000
70,1,0,0,53,0.0000,0.0000
71,1,0,0,53,0.0000,0.0000
72,1,0,0,53,0.0000,0.2000
73,1,0,0,53,0.0000,0.2000
74,1,0,1,52,0.0000,0.0000
75,1,0,0,52,0.0000,0.0000
76,1,0,0,52,0.0000,0.0000
77,1,0,0,52,0.0000,0.0000
78,1,0,0,52,0.0000,0.0000
79,1,0,0,52,0.0000,0.0000
80,1,0,0,52,0.0000,0.0000
81,1,0,0,52,0.0000,0.0000
82,1,0,0,52,0.0000,0.0000
83,1,0,0,52,0.0000,0.0000
84,1,0,0,52,0.0000,0.0000
85,1,0,0,52,0.0000,0.0000
86,1,0,0,52,0.0000,0.0000
87,1,0,0,52,0.0000,0.0000
88,1,0,0,52,0.0000,0.0000
89,1,0,0,52,0.0000,0.0000
90,1,0,0,52,0.0000,0.0000
91,1,0,0,52,0.0000,0.0000
92,1,0,0,52,0.0000,0.0000
93,1,0,0,52,0.0000,0.0000
94,1,0,0,52,0.0000,0.0000
95,1,0,0,52,0.0000,0.0000
96,1,0,0,52,0.0000,0.0000
97,1,0,0,52,0.0000,0.0000
98,1,0,0,52,0.0000,0.0000
99,1,0,0,52,0.0000,0.0000
100,1,0,0,52,0.0000,0.0000
101,1,0,0,52,0.0000,0.0000
102,1,0,0,52,0.0000,0.2000
103,1,0,0,52,0.0000,0.2000
104,1,0,0,52,0.0000,0.2000
105,1,0,1,51,0.0000,0.0000
106,1,0,0,51,0.0000,0.0000
107,1,0,0,51,0.0000,0.0000
108,1,0,0,51,0.0000,0.2000
109,1,0,0,51,0.0000,0.2000
110,1,0,1,50,0.0000,0.0000
111,1,0,0,50,0.0000,0.0000
112,1,0,0,50,0.0000,0.0000
113,1,0,0,50,0.0000,0.0000
114,1,0,0,50,0.0000,0.0000
115,1,0,0,50,0.0000,0.0000
116,1,0,0,50,0.0000,0.0000
117,1,0,0,50,0.0000,0.0000
118,1,0,0,50,0.0000,0.0000
119,1,0,0,50,0.0000,0.0000
120,1,0,0,50,0.0000,0.0000
121,1,0,0,50,0.0000,0.0000
122,1,0,0,50,0.0000,0.0000
123,1,0,0,50,0.0000,0.0000
124,1,0,0,50,0.0000,0.0000
125,0,0,0,50,0.0000,0.0000
1,147,15,2,78,0.1216,0.0051
2,145,19,0,78,0.0229,0.0051
3,145,20,1,77,0.0047,0.0000
4,145,20,0,77,0.0010,0.0000
5,145,21,0,77,0.0002,0.0000
6,144,26,3,74,0.0000,0.0000
7,142,25,0,74,0.0000,0.0000
8,140,26,0,74,0.0000,0.0000
9,138,19,0,74,0.0000,0.0000
10,138,22,0,74,0.0000,0.0000
11,133,20,0,74,0.0000,0.0000
12,132,22,1,73,0.0000,0.0070
13,130,23,1,72,0.0000,0.0015
14,122,26,1,71,0.0000,0.0000
15,117,22,0,71,0.0000,0.0000
16,114,22,0,71,0.0000,0.0000
17,107,22,0,71,0.0000,0.0000
18,102,16,2,69,0.0000,0.0075
19,95,17,0,69,0.0000,0.0049
20,88,11,0,69,0.0000,0.0029
21,82,16,1,68,0.0000,0.0000
22,76,12,0,68,0.0000,0.0000
23,71,15,0,68,0.0000,0.0000
24,66,6,1,67,0.0000,0.0166
25,60,13,0,67,0.0000,0.0119
26,57,8,1,66,0.0000,0.0035
27,54,6,1,65,0.0000,0.0000
28,49,10,0,65,0.0000,0.0000
29,45,5,0,65,0.0000,0.0000
30,39,5,0,65,0.0000,0.0363
31,35,2,2,63,0.0000,0.0129
32,32,5,0,63,0.0000,0.0136
33,29,4,1,62,0.0000,0.0000
34,24,3,0,62,0.0000,0.0000
35,20,3,0,62,0.0000,0.0000
36,18,2,0,62,0.0000,0.0325
37,15,1,1,61,0.0000,0.0212
38,13,1,0,61,0.0000,0.0154
39,10,0,1,60,0.0000,0.0000
40,8,0,0,60,0.0000,0.0000
41,7,0,0,60,0.0000,0.0000
42,7,1,2,58,0.0000,0.0286
43,6,0,1,57,0.0000,0.0000
44,6,0,0,57,0.0000,0.0000
45,5,0,0,57,0.0000,0.0000
46,3,0,0,57,0.0000,0.0000
47,3,0,0,57,0.0000,0.0000
48,3,0,0,57,0.0000,0.0667
49,3,0,0,57,0.0000,0.0667
50,3,0,1,56,0.0000,0.0000
51,3,0,0,56,0.0000,0.0000
52,3,0,0,56,0.0000,0.0000
53,3,0,0,56,0.0000,0.0000
54,2,0,0,56,0.0000,0.0000
55,2,0,0,56,0.0000,0.0000
56,1,0,0,56,0.0000,0.0000
57,1,0,0,56,0.0000,0.0000
58,0,0,0,56,0.0000,0.0000
1,146,20,1,79,0.1164,0.0086
2,145,13,1,78,0.0234,0.0034
3,145,15,1,77,0.0050,0.0000
4,145,18,0,77,0.0011,0.0000
5,143,17,0,77,0.0002,0.0000
6,141,15,1,76,0.0000,0.0089
7,141,24,1,75,0.0000,0.0024
8,140,20,1,74,0.0000,0.0000
9,137,12,0,74,0.0000,0.0000
10,135,22,0,74,0.0000,0.0000
11,130,19,0,74,0.0000,0.0000
12,126,20,1,73,0.0000,0.0133
13,124,23,0,73,0.0000,0.0150
14,121,23,1,72,0.0000,0.0099
15,118,20,0,72,0.0000,0.0074
16,112,25,1,71,0.0000,0.0000
17,110,23,0,71,0.0000,0.0000
18,105,20,0,71,0.0000,0.0175
19,99,19,3,68,0.0000,0.0000
20,93,17,0,68,0.0000,0.0000
21,87,20,0,68,0.0000,0.0000
22,83,15,0,68,0.0000,0.0000
23,77,16,0,68,0.0000,0.0000
24,74,18,1,67,0.0000,0.0180
25,73,13,0,67,0.0000,0.0177
26,68,16,2,65,0.0000,0.0000
27,64,9,0,65,0.0000,0.0000
28,59,7,0,65,0.0000,0.0000
29,54,11,0,65,0.0000,0.0000
30,51,7,0,65,0.0000,0.0248
31,46,4,1,64,0.0000,0.0109
32,42,6,0,64,0.0000,0.0095
33,40,7,2,62,0.0000,0.0000
34,38,7,0,62,0.0000,0.0000
35,36,5,0,62,0.0000,0.0000
36,30,3,1,61,0.0000,0.0217
37,28,2,2,59,0.0000,0.0000
38,25,5,0,59,0.0000,0.0000
39,24,2,0,59,0.0000,0.0000
40,21,2,0,59,0.0000,0.0000
41,19,2,0,59,0.0000,0.0000
42,19,2,1,58,0.0000,0.0390
43,16,1,1,57,0.0000,0.0125
44,14,1,0,57,0.0000,0.0143
45,14,1,1,56,0.0000,0.0000
46,13,1,0,56,0.0000,0.0000
47,11,0,0,56,0.0000,0.0000
48,10,0,2,54,0.0000,0.0450
49,8,1,0,54,0.0000,0.0000
50,7,0,0,54,0.0000,0.0000
51,6,0,0,54,0.0000,0.0000
52,5,1,0,54,0.0000,0.0000
53,4,0,0,54,0.0000,0.0000
54,4,0,1,53,0.0000,0.1500
55,3,0,0,53,0.0000,0.0667
56,3,0,0,53,0.0000,0.0667
57,2,0,1,52,0.0000,0.0000
58,2,0,0,52,0.0000,0.0000
59,2,0,0,52,0.0000,0.0000
60,2,0,0,52,0.0000,0.2000
61,2,0,0,52,0.0000,0.2000
62,2,0,2,50,0.0000,0.0000
63,2,0,0,50,0.0000,0.0000
64,2,0,0,50,0.0000,0.0000
65,1,0,0,50,0.0000,0.0000
66,1,0,0,50,0.0000,0.2000
67,1,0,0,50,0.0000,0.2000
68,1,0,1,49,0.0000,0.0000
69,1,0,0,49,0.0000,0.0000
70,1,0,0,49,0.0000,0.0000
71,1,0,0,49,0.0000,0.0000
72,1,0,0,49,0.0000,0.2000
73,1,0,0,49,0.0000,0.2000
74,1,0,1,48,0.0000,0.0000
75,1,0,0,48,0.0000,0.0000
76,1,0,0,48,0.0000,0.0000
77,1,0,0,48,0.0000,0.0000
78,1,0,0,48,0.0000,0.0000
79,1,0,0,48,0.0000,0.0000
80,1,0,0,48,0.0000,0.0000
81,1,0,0,48,0.0000,0.0000
82,1,0,0,48,0.0000,0.0000
83,1,0,0,48,0.0000,0.0000
84,1,0,0,48,0.0000,0.0000
85,1,0,0,48,0.0000,0.0000
86,1,0,0,48,0.0000,0.0000
87,1,0,0,48,0.0000,0.0000
88,0,0,0,48,0.0000,0.0000
1,148,18,1,79,0.1208,0.0082
2,147,16,0,79,0.0231,0.0059
3,147,13,2,77,0.0049,0.0000
4,146,19,0,77,0.0010,0.0000
5,146,19,0,77,0.0002,0.0000
6,145,20,0,77,0.0000,0.0122
7,145,18,1,76,0.0000,0.0083
8,144,23,1,75,0.0000,0.0092
9,141,20,1,74,0.0000,0.0000
10,137,22,0,74,0.0000,0.0000
11,134,20,0,74,0.0000,0.0000
12,130,25,1,73,0.0000,0.0130
13,129,19,1,72,0.0000,0.0092
14,125,19,1,71,0.0000,0.0000
15,121,21,0,71,0.0000,0.0000
16,118,19,0,71,0.0000,0.0000
17,114,18,0,71,0.0000,0.0000
18,109,17,0,71,0.0000,0.0218
19,103,21,2,69,0.0000,0.0064
20,98,19,0,69,0.0000,0.0066
21,93,11,1,68,0.0000,0.0000
22,87,15,0,68,0.0000,0.0000
23,82,11,0,68,0.0000,0.0000
24,78,13,1,67,0.0000,0.0089
25,72,12,0,67,0.0000,0.0072
26,69,13,1,66,0.0000,0.0039
27,67,14,1,65,0.0000,0.0000
28,60,10,0,65,0.0000,0.0000
29,56,10,0,65,0.0000,0.0000
30,53,7,1,64,0.0000,0.0321
31,49,8,0,64,0.0000,0.0189
32,43,4,1,63,0.0000,0.0000
33,38,4,0,63,0.0000,0.0000
34,34,2,0,63,0.0000,0.0000
35,29,5,0,63,0.0000,0.0000
36,28,2,0,63,0.0000,0.0469
37,24,2,1,62,0.0000,0.0271
38,20,1,0,62,0.0000,0.0267
39,19,1,2,60,0.0000,0.0000
40,18,0,0,60,0.0000,0.0000
41,17,1,0,60,0.0000,0.0000
42,15,0,0,60,0.0000,0.0356
43,14,0,2,58,0.0000,0.0000
44,14,1,0,58,0.0000,0.0000
45,14,1,0,58,0.0000,0.0000
46,12,1,0,58,0.0000,0.0000
47,12,2,0,58,0.0000,0.0000
48,11,2,0,58,0.0000,0.0674
49,11,2,0,58,0.0000,0.0567
50,11,1,1,57,0.0000,0.0349
51,11,0,1,56,0.0000,0.0000
52,11,0,0,56,0.0000,0.0000
53,11,1,0,56,0.0000,0.0000
54,11,1,0,56,0.0000,0.0364
55,11,0,0,56,0.0000,0.0364
56,8,0,2,54,0.0000,0.0000
57,8,0,0,54,0.0000,0.0000
58,8,0,0,54,0.0000,0.0000
59,7,1,0,54,0.0000,0.0000
60,7,1,0,54,0.0000,0.0286
61,6,0,0,54,0.0000,0.0333
62,4,0,0,54,0.0000,0.0500
63,3,0,1,53,0.0000,0.0000
64,2,0,0,53,0.0000,0.0000
65,2,0,0,53,0.0000,0.0000
66,2,0,0,53,0.0000,0.2000
67,2,0,0,53,0.0000,0.2000
68,2,0,2,51,0.0000,0.0000
69,2,0,0,51,0.0000,0.0000
70,2,0,0,51,0.0000,0.0000
71,2,0,0,51,0.0000,0.0000
72,2,0,0,51,0.0000,0.0000
73,2,0,0,51,0.0000,0.0000
74,2,0,0,51,0.0000,0.0000
75,2,0,0,51,0.0000,0.0000
76,2,0,0,51,0.0000,0.0000
77,1,0,0,51,0.0000,0.0000
78,1,0,0,51,0.0000,0.0000
79,1,0,0,51,0.0000,0.0000
80,1,0,0,51,0.0000,0.0000
81,1,0,0,51,0.0000,0.0000
82,1,0,0,51,0.0000,0.0000
83,1,0,0,51,0.0000,0.0000
84,1,0,0,51,0.0000,0.0000
85,1,0,0,51,0.0000,0.0000
86,1,0,0,51,0.0000,0.0000
87,1,0,0,51,0.0000,0.0000
88,1,0,0,51,0.0000,0.0000
89,1,0,0,51,0.0000,0.0000
90,1,0,0,51,0.0000,0.0000
91,1,0,0,51,0.0000,0.0000
92,1,0,0,51,0.0000,0.0000
93,1,0,0,51,0.0000,0.0000
94,1,0,0,51,0.0000,0.0000
95,1,0,0,51,0.0000,0.0000
96,1,0,0,51,0.0000,0.0000
97,1,0,0,51,0.0000,0.0000
98,1,0,0,51,0.0000,0.0000
99,1,0,0,51,0.0000,0.0000
100,1,0,0,51,0.0000,0.0000
101,0,0,0,51,0.0000,0.0000
1,150,17,2,78,0.1217,0.0060
2,150,19,0,78,0.0241,0.0055
3,150,16,0,78,0.0050,0.0065
4,149,16,0,78,0.0011,0.0069
5,147,15,1,77,0.0002,0.0000
6,147,16,0,77,0.0001,0.0111
7,144,15,1,76,0.0000,0.0038
8,139,17,1,75,0.0000,0.0000
9,139,21,0,75,0.0000,0.0000
10,135,17,0,75,0.0000,0.0000
11,133,19,0,75,0.0000,0.0000
12,130,20,1,74,0.0000,0.0097
13,129,20,0,74,0.0000,0.0098
14,125,23,2,72,0.0000,0.0000
15,119,19,0,72,0.0000,0.0000
16,115,18,0,72,0.0000,0.0000
17,114,24,0,72,0.0000,0.0000
18,108,21,0,72,0.0000,0.0190
19,103,19,2,70,0.0000,0.0091
20,99,18,0,70,0.0000,0.0136
21,93,19,1,69,0.0000,0.0000
22,89,15,0,69,0.0000,0.0000
23,83,14,0,69,0.0000,0.0000
24,80,15,0,69,0.0000,0.0214
25,76,14,1,68,0.0000,0.0154
26,70,15,1,67,0.0000,0.0000
27,63,11,0,67,0.0000,0.0000
28,58,8,0,67,0.0000,0.0000
29,57,12,0,67,0.0000,0.0000
30,50,5,1,66,0.0000,0.0122
31,45,7,0,66,0.0000,0.0103
32,40,4,2,64,0.0000,0.0000
33,38,3,0,64,0.0000,0.0000
34,34,5,0,64,0.0000,0.0000
35,31,4,0,64,0.0000,0.0000
36,29,5,1,63,0.0000,0.0138
37,25,2,0,63,0.0000,0.0160
38,22,2,1,62,0.0000,0.0091
39,21,3,1,61,0.0000,0.0000
40,20,1,0,61,0.0000,0.0000
41,17,2,0,61,0.0000,0.0000
42,16,3,0,61,0.0000,0.0250
43,12,0,0,61,0.0000,0.0333
44,10,0,0,61,0.0000,0.0400
45,8,0,2,59,0.0000,0.0000
46,5,0,0,59,0.0000,0.0000
47,5,0,0,59,0.0000,0.0000
48,5,0,1,58,0.0000,0.0800
49,4,0,0,58,0.0000,0.1000
50,3,0,0,58,0.0000,0.1333
51,3,0,2,56,0.0000,0.0000
52,3,0,0,56,0.0000,0.0000
53,3,0,0,56,0.0000,0.0000
54,3,0,0,56,0.0000,0.2000
55,3,0,0,56,0.0000,0.2000
56,3,0,3,53,0.0000,0.0000
57,3,0,0,53,0.0000,0.0000
58,3,0,0,53,0.0000,0.0000
59,3,0,0,53,0.0000,0.0000
60,3,0,1,52,0.0000,0.0667
61,3,0,1,51,0.0000,0.0000
62,2,0,0,51,0.0000,0.0000
63,2,0,0,51,0.0000,0.0000
64,2,0,0,51,0.0000,0.0000
65,2,0,0,51,0.0000,0.0000
66,2,0,0,51,0.0000,0.1000
67,2,0,1,50,0.0000,0.0000
68,2,0,0,50,0.0000,0.0000
69,2,0,0,50,0.0000,0.0000
70,2,0,0,50,0.0000,0.0000
71,2,0,0,50,0.0000,0.0000
72,2,0,0,50,0.0000,0.0000
73,1,0,0,50,0.0000,0.0000
74,1,0,0,50,0.0000,0.0000
75,1,0,0,50,0.0000,0.0000
76,1,0,0,50,0.0000,0.0000
77,1,0,0,50,0.0000,0.0000
78,1,0,0,50,0.0000,0.0000
79,1,0,0,50,0.0000,0.0000
80,1,0,0,50,0.0000,0.0000
81,0,0,0,50,0.0000,0.0000
1,148,15,3,77,0.1174,0.0000
2,148,19,0,77,0.0229,0.0000
3,148,16,0,77,0.0047,0.0000
4,147,23,0,77,0.0010,0.0000
5,144,18,0,77,0.0002,0.0000
6,143,17,1,76,0.0000,0.0104
7,139,19,0,76,0.0000,0.0050
8,138,23,1,75,0.0000,0.0000
9,136,19,0,75,0.0000,0.0000
10,135,23,0,75,0.0000,0.0000
11,131,26,0,75,0.0000,0.0000
12,128,19,2,73,0.0000,0.0070
13,125,21,0,73,0.0000,0.0000
14,122,18,0,73,0.0000,0.0000
15,118,22,0,73,0.0000,0.0000
16,113,15,0,73,0.0000,0.0000
17,107,18,0,73,0.0000,0.0000
18,104,19,1,72,0.0000,0.0093
19,102,19,0,72,0.0000,0.0131
20,99,20,1,71,0.0000,0.0118
21,93,18,0,71,0.0000,0.0000
22,89,17,0,71,0.0000,0.0000
23,85,13,0,71,0.0000,0.0000
24,78,17,1,70,0.0000,0.0173
25,76,14,1,69,0.0000,0.0127
26,72,16,0,69,0.0000,0.0000
27,69,13,0,69,0.0000,0.0000
28,65,17,0,69,0.0000,0.0000
29,64,13,0,69,0.0000,0.0000
30,57,9,1,68,0.0000,0.0155
31,54,10,1,67,0.0000,0.0177
32,50,9,0,67,0.0000,0.0000
33,44,9,0,67,0.0000,0.0000
34,42,11,0,67,0.0000,0.0000
35,40,5,0,67,0.0000,0.0000
36,36,5,3,64,0.0000,0.0000
37,33,3,0,64,0.0000,0.0000
38,29,1,0,64,0.0000,0.0000
39,24,2,0,64,0.0000,0.0000
40,22,2,0,64,0.0000,0.0000
41,19,1,0,64,0.0000,0.0000
42,17,1,0,64,0.0000,0.0510
43,14,0,1,63,0.0000,0.0322
44,10,0,2,61,0.0000,0.0000
45,9,0,0,61,0.0000,0.0000
46,8,1,0,61,0.0000,0.0000
47,6,0,0,61,0.0000,0.0000
48,5,0,0,61,0.0000,0.1200
49,5,1,1,60,0.0000,0.1067
50,5,0,0,60,0.0000,0.0400
51,4,0,1,59,0.0000,0.0000
52,4,0,0,59,0.0000,0.0000
53,3,0,0,59,0.0000,0.0000
54,3,0,1,58,0.0000,0.0667
55,3,0,0,58,0.0000,0.0667
56,2,0,1,57,0.0000,0.0000
57,2,0,0,57,0.0000,0.0000
58,2,0,0,57,0.0000,0.0000
59,2,0,0,57,0.0000,0.0000
60,0,0,0,57,0.0000,0.0000
1,146,14,1,79,0.1224,0.0091
2,145,12,1,78,0.0236,0.0065
3,142,18,1,77,0.0047,0.0000
4,140,18,0,77,0.0010,0.0000
5,139,20,0,77,0.0002,0.0000
6,139,18,1,76,0.0000,0.0134
7,138,20,0,76,0.0000,0.0079
8,134,15,2,74,0.0000,0.0000
9,134,21,0,74,0.0000,0.0000
10,130,20,0,74,0.0000,0.0000
11,128,22,0,74,0.0000,0.0000
12,123,17,1,73,0.0000,0.0111
13,121,19,0,73,0.0000,0.0099
14,117,23,1,72,0.0000,0.0077
15,112,23,1,71,0.0000,0.0000
16,108,18,0,71,0.0000,0.0000
17,101,20,0,71,0.0000,0.0000
18,97,18,1,70,0.0000,0.0200
19,92,15,1,69,0.0000,0.0115
20,90,16,0,69,0.0000,0.0094
21,85,19,0,69,0.0000,0.0109
22,82,14,0,69,0.0000,0.0114
23,73,17,1,68,0.0000,0.0000
24,69,14,0,68,0.0000,0.0271
25,65,13,1,67,0.0000,0.0114
26,61,14,1,66,0.0000,0.0054
27,56,11,1,65,0.0000,0.0000
28,51,9,0,65,0.0000,0.0000
29,44,8,0,65,0.0000,0.0000
30,42,7,2,63,0.0000,0.0114
31,38,4,0,63,0.0000,0.0126
32,37,8,1,62,0.0000,0.0000
33,36,8,0,62,0.0000,0.0000
34,33,2,0,62,0.0000,0.0000
35,30,3,0,62,0.0000,0.0000
36,26,4,0,62,0.0000,0.0593
37,22,2,0,62,0.0000,0.0440
38,19,3,1,61,0.0000,0.0308
39,16,0,1,60,0.0000,0.0208
40,14,1,0,60,0.0000,0.0179
41,12,0,1,59,0.0000,0.0000
42,11,1,1,58,0.0000,0.0364
43,11,0,0,58,0.0000,0.0399
44,9,1,1,57,0.0000,0.0000
45,7,0,0,57,0.0000,0.0000
46,7,0,0,57,0.0000,0.0000
47,7,0,0,57,0.0000,0.0000
48,7,0,1,56,0.0000,0.0762
49,6,0,0,56,0.0000,0.0752
50,5,0,0,56,0.0000,0.0800
51,5,0,1,55,0.0000,0.0400
52,4,0,0,55,0.0000,0.0000
53,4,0,0,55,0.0000,0.0000
54,4,0,0,55,0.0000,0.1000
55,3,0,2,53,0.0000,0.0000
56,3,0,0,53,0.0000,0.0000
57,3,0,0,53,0.0000,0.0000
58,2,0,0,53,0.0000,0.0000
59,2,0,0,53,0.0000,0.0000
60,2,0,0,53,0.0000,0.2000
61,2,0,1,52,0.0000,0.1000
62,2,0,0,52,0.0000,0.1000
63,2,0,1,51,0.0000,0.0000
64,2,0,0,51,0.0000,0.0000
65,2,0,0,51,0.0000,0.0000
66,2,0,0,51,0.0000,0.1000
67,2,0,1,50,0.0000,0.0000
68,1,0,0,50,0.0000,0.0000
69,1,0,0,50,0.0000,0.0000
70,1,0,0,50,0.0000,0.0000
71,1,0,0,50,0.0000,0.0000
72,1,0,0,50,0.0000,0.0000
73,1,0,0,50,0.0000,0.0000
74,1,0,0,50,0.0000,0.0000
75,1,0,0,50,0.0000,0.0000
76,1,0,0,50,0.0000,0.0000
77,1,0,0,50,0.0000,0.0000
78,1,0,0,50,0.0000,0.0000
79,1,0,0,50,0.0000,0.0000
80,1,0,0,50,0.0000,0.0000
81,1,0,0,50,0.0000,0.0000
82,1,0,0,50,0.0000,0.0000
83,1,0,0,50,0.0000,0.0000
84,1,0,0,50,0.0000,0.0000
85,1,0,0,50,0.0000,0.0000
86,1,0,0,50,0.0000,0.0000
87,1,0,0,50,0.0000,0.0000
88,1,0,0,50,0.0000,0.0000
89,1,0,0,50,0.0000,0.0000
90,1,0,0,50,0.0000,0.0000
91,1,0,0,50,0.0000,0.0000
92,1,0,0,50,0.0000,0.0000
93,0,0,0,50,0.0000,0.0000
1,149,15,3,77,0.1233,0.0000
2,149,14,0,77,0.0240,0.0000
3,148,16,0,77,0.0049,0.0000
4,146,20,0,77,0.0010,0.0000
5,145,17,0,77,0.0002,0.0000
6,145,16,1,76,0.0000,0.0062
7,143,16,1,75,0.0000,0.0027
8,142,22,0,75,0.0000,0.0018
9,140,18,1,74,0.0000,0.0000
10,137,17,0,74,0.0000,0.0000
11,133,22,0,74,0.0000,0.0000
12,132,17,1,73,0.0000,0.0142
13,127,21,1,72,0.0000,0.0041
14,124,17,1,71,0.0000,0.0000
15,122,12,0,71,0.0000,0.0000
16,118,19,0,71,0.0000,0.0000
17,115,19,0,71,0.0000,0.0000
18,109,17,0,71,0.0000,0.0199
19,104,17,2,69,0.0000,0.0076
20,96,19,1,68,0.0000,0.0000
21,93,14,0,68,0.0000,0.0000
22,89,15,0,68,0.0000,0.0000
23,85,12,0,68,0.0000,0.0000
24,81,13,2,66,0.0000,0.0106
25,76,15,0,66,0.0000,0.0000
26,74,12,0,66,0.0000,0.0000
27,69,14,0,66,0.0000,0.0000
28,66,12,0,66,0.0000,0.0000
29,59,12,0,66,0.0000,0.0000
30,56,14,1,65,0.0000,0.0272
31,52,9,0,65,0.0000,0.0213
32,51,9,1,64,0.0000,0.0039
33,48,6,1,63,0.0000,0.0000
34,44,7,0,63,0.0000,0.0000
35,40,6,0,63,0.0000,0.0000
36,37,3,1,62,0.0000,0.0090
37,32,4,1,61,0.0000,0.0000
38,29,5,0,61,0.0000,0.0000
39,26,3,0,61,0.0000,0.0000
40,22,2,0,61,0.0000,0.0000
41,17,1,0,61,0.0000,0.0000
42,14,1,0,61,0.0000,0.0286
43,13,1,0,61,0.0000,0.0308
44,10,0,0,61,0.0000,0.0400
45,8,0,2,59,0.0000,0.0000
46,7,0,0,59,0.0000,0.0000
47,6,0,0,59,0.0000,0.0000
48,5,0,3,56,0.0000,0.0000
49,4,0,0,56,0.0000,0.0000
50,3,0,0,56,0.0000,0.0000
51,2,0,0,56,0.0000,0.0000
52,2,0,0,56,0.0000,0.0000
53,2,0,0,56,0.0000,0.0000
54,2,0,1,55,0.0000,0.0000
55,2,0,0,55,0.0000,0.0000
56,1,0,0,55,0.0000,0.0000
57,1,0,0,55,0.0000,0.0000
58,1,0,0,55,0.0000,0.0000
59,0,0,0,55,0.0000,0.0000
1,147,16,3,77,0.1216,0.0000
2,146,14,0,77,0.0235,0.0000
3,145,18,0,77,0.0048,0.0000
4,145,16,0,77,0.0010,0.0000
5,142,17,0,77,0.0002,0.0000
6,141,18,3,74,0.0000,0.0000
7,139,18,0,74,0.0000,0.0000
8,136,20,0,74,0.0000,0.0000
9,132,18,0,74,0.0000,0.0000
10,130,20,0,74,0.0000,0.0000
11,128,19,0,74,0.0000,0.0000
12,125,22,3,71,0.0000,0.0000
13,123,22,0,71,0.0000,0.0000
14,118,19,0,71,0.0000,0.0000
15,111,16,0,71,0.0000,0.0000
16,107,20,0,71,0.0000,0.0000
17,101,16,0,71,0.0000,0.0000
18,98,17,1,70,0.0000,0.0130
19,93,15,1,69,0.0000,0.0030
20,89,15,1,68,0.0000,0.0000
21,84,16,0,68,0.0000,0.0000
22,79,11,0,68,0.0000,0.0000
23,74,11,0,68,0.0000,0.0000
24,67,13,1,67,0.0000,0.0149
25,65,14,0,67,0.0000,0.0161
26,63,12,0,67,0.0000,0.0157
27,57,11,0,67,0.0000,0.0175
28,54,10,0,67,0.0000,0.0204
29,50,11,1,66,0.0000,0.0074
30,48,11,1,65,0.0000,0.0251
31,44,5,0,65,0.0000,0.0290
32,41,3,1,64,0.0000,0.0145
33,38,4,0,64,0.0000,0.0000
34,35,6,0,64,0.0000,0.0000
35,31,5,0,64,0.0000,0.0000
36,30,7,1,63,0.0000,0.0648
37,28,5,0,63,0.0000,0.0324
38,26,6,0,63,0.0000,0.0349
39,25,4,0,63,0.0000,0.0185
40,23,5,1,62,0.0000,0.0000
41,21,4,0,62,0.0000,0.0000
42,19,4,1,61,0.0000,0.0208
43,16,4,1,60,0.0000,0.0000
44,15,1,0,60,0.0000,0.0000
45,14,3,0,60,0.0000,0.0000
46,12,1,0,60,0.0000,0.0000
47,11,1,0,60,0.0000,0.0000
48,10,1,0,60,0.0000,0.0262
49,10,0,0,60,0.0000,0.0200
50,8,0,1,59,0.0000,0.0000
51,7,0,0,59,0.0000,0.0000
52,5,0,0,59,0.0000,0.0000
53,4,0,0,59,0.0000,0.0000
54,4,0,1,58,0.0000,0.0500
55,4,0,0,58,0.0000,0.0500
56,3,0,0,58,0.0000,0.0667
57,3,0,1,57,0.0000,0.0000
58,2,0,0,57,0.0000,0.0000
59,2,0,0,57,0.0000,0.0000
60,2,0,1,56,0.0000,0.1000
61,2,0,0,56,0.0000,0.1000
62,2,0,1,55,0.0000,0.0000
63,2,0,0,55,0.0000,0.0000
64,2,0,0,55,0.0000,0.0000
65,2,0,0,55,0.0000,0.0000
66,2,0,0,55,0.0000,0.0000
67,2,0,0,55,0.0000,0.0000
68,1,0,0,55,0.0000,0.0000
69,1,0,0,55,0.0000,0.0000
70,1,0,0,55,0.0000,0.0000
71,1,0,0,55,0.0000,0.0000
72,1,0,1,54,0.0000,0.0000
73,1,0,0,54,0.0000,0.0000
74,1,0,0,54,0.0000,0.0000
75,1,0,0,54,0.0000,0.0000
76,1,0,0,54,0.0000,0.0000
77,1,0,0,54,0.0000,0.0000
78,1,0,0,54,0.0000,0.2000
79,1,0,0,54,0.0000,0.2000
80,1,0,0,54,0.0000,0.2000
81,1,0,1,53,0.0000,0.0000
82,1,0,0,53,0.0000,0.0000
83,1,0,0,53,0.0000,0.0000
84,1,0,0,53,0.0000,0.2000
85,1,0,1,52,0.0000,0.0000
86,1,0,0,52,0.0000,0.0000
87,1,0,0,52,0.0000,0.0000
88,1,0,0,52,0.0000,0.0000
89,1,0,0,52,0.0000,0.0000
90,1,0,0,52,0.0000,0.0000
91,1,0,0,52,0.0000,0.0000
92,1,0,0,52,0.0000,0.0000
93,0,0,0,52,0.0000,0.0000
1,149,21,2,78,0.1183,0.0000
2,148,17,0,78,0.0232,0.0000
3,148,17,0,78,0.0048,0.0000
4,147,19,0,78,0.0010,0.0000
5,144,23,0,78,0.0002,0.0000
6,144,24,0,78,0.0000,0.0245
7,144,23,3,75,0.0000,0.0000
8,142,21,0,75,0.0000,0.0000
9,140,17,0,75,0.0000,0.0000
10,139,18,0,75,0.0000,0.0000
11,139,23,0,75,0.0000,0.0000
12,137,23,1,74,0.0000,0.0091
13,133,17,0,74,0.0000,0.0088
14,132,24,1,73,0.0000,0.0000
15,129,23,0,73,0.0000,0.0000
16,123,20,0,73,0.0000,0.0000
17,119,25,0,73,0.0000,0.0000
18,116,24,0,73,0.0000,0.0224
19,113,23,0,73,0.0000,0.0275
20,106,22,0,73,0.0000,0.0275
21,98,18,0,73,0.0000,0.0272
22,93,15,1,72,0.0000,0.0155
23,87,14,0,72,0.0000,0.0170
24,83,17,2,70,0.0000,0.0325
25,79,14,0,70,0.0000,0.0200
26,73,9,1,69,0.0000,0.0000
27,70,12,0,69,0.0000,0.0000
28,62,7,0,69,0.0000,0.0000
29,59,13,0,69,0.0000,0.0000
30,57,9,1,68,0.0000,0.0296
31,51,8,0,68,0.0000,0.0113
32,44,5,1,67,0.0000,0.0000
33,40,7,0,67,0.0000,0.0000
34,36,6,0,67,0.0000,0.0000
35,34,2,0,67,0.0000,0.0000
36,31,2,1,66,0.0000,0.0368
37,27,1,1,65,0.0000,0.0375
38,21,2,0,65,0.0000,0.0379
39,19,1,0,65,0.0000,0.0378
40,17,1,0,65,0.0000,0.0357
41,14,0,0,65,0.0000,0.0370
42,13,0,3,62,0.0000,0.0000
43,11,0,0,62,0.0000,0.0000
44,8,0,0,62,0.0000,0.0000
45,8,0,0,62,0.0000,0.0000
46,5,0,0,62,0.0000,0.0000
47,5,0,0,62,0.0000,0.0000
48,5,0,1,61,0.0000,0.0823
49,4,0,0,61,0.0000,0.0667
50,3,0,1,60,0.0000,0.0000
51,3,0,0,60,0.0000,0.0000
52,3,0,0,60,0.0000,0.0000
53,3,0,0,60,0.0000,0.0000
54,3,0,1,59,0.0000,0.0000
55,3,0,0,59,0.0000,0.0000
56,3,0,0,59,0.0000,0.0000
57,3,1,0,59,0.0000,0.0000
58,3,0,0,59,0.0000,0.0000
59,3,0,0,59,0.0000,0.0000
60,2,0,0,59,0.0000,0.1000
61,2,0,0,59,0.0000,0.1000
62,2,0,0,59,0.0000,0.1000
63,2,0,1,58,0.0000,0.0000
64,2,0,0,58,0.0000,0.0000
65,2,0,0,58,0.0000,0.0000
66,2,0,0,58,0.0000,0.1000
67,2,0,0,58,0.0000,0.1000
68,1,0,0,58,0.0000,0.2000
69,1,0,1,57,0.0000,0.0000
70,1,0,0,57,0.0000,0.0000
71,1,0,0,57,0.0000,0.0000
72,1,0,0,57,0.0000,0.2000
73,1,0,0,57,0.0000,0.2000
74,1,0,1,56,0.0000,0.0000
75,1,0,0,56,0.0000,0.0000
76,1,0,0,56,0.0000,0.0000
77,1,0,0,56,0.0000,0.0000
78,1,0,0,56,0.0000,0.2000
79,1,0,1,55,0.0000,0.0000
80,1,0,0,55,0.0000,0.0000
81,1,0,0,55,0.0000,0.0000
82,1,0,0,55,0.0000,0.0000
83,1,0,0,55,0.0000,0.0000
84,1,0,0,55,0.0000,0.0000
85,1,0,0,55,0.0000,0.0000
86,1,0,0,55,0.0000,0.0000
87,1,0,0,55,0.0000,0.0000
88,1,0,0,55,0.0000,0.0000
89,1,0,0,55,0.0000,0.0000
90,1,0,0,55,0.0000,0.2000
91,1,0,0,55,0.0000,0.2000
92,1,0,0,55,0.0000,0.2000
93,1,0,1,54,0.0000,0.0000
94,1,0,0,54,0.0000,0.0000
95,1,0,0,54,0.0000,0.0000
96,1,0,0,54,0.0000,0.0000
97,1,0,0,54,0.0000,0.0000
98,1,0,0,54,0.0000,0.0000
99,1,0,0,54,0.0000,0.0000
100,1,0,0,54,0.0000,0.0000
101,1,0,0,54,0.0000,0.0000
102,1,0,0,54,0.0000,0.0000
103,1,0,0,54,0.0000,0.0000
104,1,0,0,54,0.0000,0.0000
105,1,0,0,54,0.0000,0.0000
106,1,0,0,54,0.0000,0.0000
107,0,0,0,54,0.0000,0.0000
1,147,17,1,79,0.1182,0.0075
2,146,18,1,78,0.0227,0.0051
3,144,24,1,77,0.0046,0.0000
4,144,16,0,77,0.0010,0.0000
5,142,15,0,77,0.0002,0.0000
6,139,21,1,76,0.0000,0.0068
7,137,18,0,76,0.0000,0.0060
8,135,20,1,75,0.0000,0.0000
9,134,19,0,75,0.0000,0.0000
10,132,24,0,75,0.0000,0.0000
11,129,20,0,75,0.0000,0.0000
12,125,21,1,74,0.0000,0.0121
13,123,18,0,74,0.0000,0.0121
14,120,22,2,72,0.0000,0.0000
15,117,18,0,72,0.0000,0.0000
16,114,20,0,72,0.0000,0.0000
17,109,21,0,72,0.0000,0.0000
18,105,20,2,70,0.0000,0.0066
19,100,19,0,70,0.0000,0.0075
20,96,20,1,69,0.0000,0.0000
21,89,16,0,69,0.0000,0.0000
22,81,18,0,69,0.0000,0.0000
23,76,18,0,69,0.0000,0.0000
24,71,12,1,68,0.0000,0.0297
25,68,11,1,67,0.0000,0.0197
26,62,13,0,67,0.0000,0.0210
27,59,8,0,67,0.0000,0.0178
28,57,9,0,67,0.0000,0.0107
29,54,11,1,66,0.0000,0.0000
30,50,7,1,65,0.0000,0.0187
31,44,7,0,65,0.0000,0.0138
32,41,5,1,64,0.0000,0.0049
33,38,4,1,63,0.0000,0.0000
34,32,4,0,63,0.0000,0.0000
35,29,3,0,63,0.0000,0.0000
36,26,3,0,63,0.0000,0.0321
37,20,0,2,61,0.0000,0.0000
38,17,0,0,61,0.0000,0.0000
39,16,0,0,61,0.0000,0.0000
40,12,0,0,61,0.0000,0.0000
41,11,0,0,61,0.0000,0.0000
42,10,0,0,61,0.0000,0.0400
43,10,1,1,60,0.0000,0.0200
44,9,0,1,59,0.0000,0.0000
45,8,0,0,59,0.0000,0.0000
46,5,0,0,59,0.0000,0.0000
47,5,0,0,59,0.0000,0.0000
48,5,0,1,58,0.0000,0.0400
49,5,0,0,58,0.0000,0.0400
50,5,1,0,58,0.0000,0.0400
51,4,0,1,57,0.0000,0.0000
52,4,0,0,57,0.0000,0.0000
53,4,0,0,57,0.0000,0.0000
54,3,0,0,57,0.0000,0.1333
55,3,0,0,57,0.0000,0.1333
56,3,0,0,57,0.0000,0.1333
57,3,0,2,55,0.0000,0.0000
58,3,0,0,55,0.0000,0.0000
59,3,0,0,55,0.0000,0.0000
60,2,0,0,55,0.0000,0.2000
61,2,0,1,54,0.0000,0.1000
62,2,0,0,54,0.0000,0.1000
63,2,0,1,53,0.0000,0.0000
64,2,0,0,53,0.0000,0.0000
65,1,0,0,53,0.0000,0.0000
66,1,0,1,52,0.0000,0.0000
67,1,0,0,52,0.0000,0.0000
68,1,0,0,52,0.0000,0.0000
69,1,0,0,52,0.0000,0.0000
70,1,0,0,52,0.0000,0.0000
71,1,0,0,52,0.0000,0.0000
72,1,0,0,52,0.0000,0.2000
73,1,0,0,52,0.0000,0.2000
74,1,0,0,52,0.0000,0.2000
75,1,0,1,51,0.0000,0.0000
76,1,0,0,51,0.0000,0.0000
77,1,0,0,51,0.0000,0.0000
78,1,0,0,51,0.0000,0.2000
79,1,0,0,51,0.0000,0.2000
80,1,0,0,51,0.0000,0.2000
81,1,0,1,50,0.0000,0.0000
82,1,0,0,50,0.0000,0.0000
83,1,0,0,50,0.0000,0.0000
84,1,0,0,50,0.0000,0.0000
85,1,0,0,50,0.0000,0.0000
86,1,0,0,50,0.0000,0.0000
87,1,0,0,50,0.0000,0.0000
88,1,0,0,50,0.0000,0.0000
89,1,0,0,50,0.0000,0.0000
90,1,0,0,50,0.0000,0.0000
91,1,0,0,50,0.0000,0.0000
92,1,0,0,50,0.0000,0.0000
93,1,0,0,50,0.0000,0.0000
94,1,0,0,50,0.0000,0.0000
95,1,0,0,50,0.0000,0.0000
96,1,0,0,50,0.0000,0.0000
97,1,0,0,50,0.0000,0.0000
98,1,0,0,50,0.0000,0.0000
99,0,0,0,50,0.0000,0.0000
1,149,16,3,77,0.1216,0.0000
2,148,18,0,77,0.0231,0.0000
3,147,18,0,77,0.0046,0.0000
4,146,17,0,77,0.0009,0.0000
5,145,20,0,77,0.0002,0.0000
6,144,18,3,74,0.0000,0.0000
7,142,18,0,74,0.0000,0.0000
8,140,23,0,74,0.0000,0.0000
9,138,25,0,74,0.0000,0.0000
10,138,27,0,74,0.0000,0.0000
11,133,20,0,74,0.0000,0.0000
12,130,22,1,73,0.0000,0.0094
13,126,26,0,73,0.0000,0.0062
14,123,25,1,72,0.0000,0.0017
15,121,22,1,71,0.0000,0.0000
16,119,22,0,71,0.0000,0.0000
17,115,25,0,71,0.0000,0.0000
18,109,22,1,70,0.0000,0.0132
19,105,22,1,69,0.0000,0.0034
20,100,16,0,69,0.0000,0.0036
21,96,22,1,68,0.0000,0.0000
22,92,19,0,68,0.0000,0.0000
23,89,20,0,68,0.0000,0.0000
24,85,17,1,67,0.0000,0.0056
25,81,16,0,67,0.0000,0.0063
26,77,13,2,65,0.0000,0.0000
27,72,16,0,65,0.0000,0.0000
28,70,15,0,65,0.0000,0.0000
29,69,15,0,65,0.0000,0.0000
30,65,12,2,63,0.0000,0.0207
31,60,9,0,63,0.0000,0.0237
32,57,14,0,63,0.0000,0.0261
33,54,14,0,63,0.0000,0.0261
34,49,8,0,63,0.0000,0.0235
35,46,8,1,62,0.0000,0.0000
36,40,4,0,62,0.0000,0.0465
37,35,4,0,62,0.0000,0.0457
38,32,4,0,62,0.0000,0.0487
39,30,5,2,60,0.0000,0.0113
40,29,4,1,59,0.0000,0.0000
41,26,4,0,59,0.0000,0.0000
42,22,3,0,59,0.0000,0.0435
43,20,3,2,57,0.0000,0.0125
44,17,3,0,57,0.0000,0.0118
45,14,1,1,56,0.0000,0.0000
46,12,1,0,56,0.0000,0.0000
47,10,1,0,56,0.0000,0.0000
48,9,1,0,56,0.0000,0.0605
49,8,0,0,56,0.0000,0.0514
50,8,1,1,55,0.0000,0.0333
51,8,0,1,54,0.0000,0.0000
52,7,0,0,54,0.0000,0.0000
53,5,0,0,54,0.0000,0.0000
54,4,0,0,54,0.0000,0.1000
55,4,0,1,53,0.0000,0.0500
56,3,0,0,53,0.0000,0.0667
57,2,0,1,52,0.0000,0.0000
58,2,0,0,52,0.0000,0.0000
59,2,0,0,52,0.0000,0.0000
60,2,0,0,52,0.0000,0.1000
61,2,0,0,52,0.0000,0.1000
62,2,0,0,52,0.0000,0.1000
63,2,0,1,51,0.0000,0.0000
64,2,0,0,51,0.0000,0.0000
65,2,0,0,51,0.0000,0.0000
66,2,0,0,51,0.0000,0.1000
67,2,0,0,51,0.0000,0.1000
68,1,0,0,51,0.0000,0.2000
69,1,0,1,50,0.0000,0.0000
70,1,0,0,50,0.0000,0.0000
71,1,0,0,50,0.0000,0.0000
72,1,0,0,50,0.0000,0.2000
73,1,0,0,50,0.0000,0.2000
74,1,0,0,50,0.0000,0.2000
75,1,0,1,49,0.0000,0.0000
76,1,0,0,49,0.0000,0.0000
77,1,0,0,49,0.0000,0.0000
78,1,0,0,49,0.0000,0.2000
79,1,0,1,48,0.0000,0.0000
80,1,0,0,48,0.0000,0.0000
81,1,0,0,48,0.0000,0.0000
82,1,0,0,48,0.0000,0.0000
83,1,0,0,48,0.0000,0.0000
84,1,0,1,47,0.0000,0.0000
85,1,0,0,47,0.0000,0.0000
86,1,0,0,47,0.0000,0.0000
87,1,0,0,47,0.0000,0.0000
88,1,0,0,47,0.0000,0.0000
89,1,0,0,47,0.0000,0.0000
90,1,0,1,46,0.0000,0.0000
91,1,0,0,46,0.0000,0.0000
92,1,0,0,46,0.0000,0.0000
93,1,0,0,46,0.0000,0.0000
94,1,0,0,46,0.0000,0.0000
95,1,0,0,46,0.0000,0.0000
96,1,0,0,46,0.0000,0.2000
97,1,0,1,45,0.0000,0.0000
98,1,0,0,45,0.0000,0.0000
99,1,0,0,45,0.0000,0.0000
100,1,0,0,45,0.0000,0.0000
101,1,0,0,45,0.0000,0.0000
102,1,0,1,44,0.0000,0.0000
103,1,0,0,44,0.0000,0.0000
104,1,0,0,44,0.0000,0.0000
105,1,0,0,44,0.0000,0.0000
106,1,0,0,44,0.0000,0.0000
107,0,0,0,44,0.0000,0.0000
1,147,22,2,78,0.1199,0.0043
2,145,19,0,78,0.0227,0.0000
3,144,23,0,78,0.0043,0.0000
4,143,25,0,78,0.0009,0.0000
5,143,19,0,78,0.0002,0.0000
6,142,25,0,78,0.0000,0.0184
7,141,26,2,76,0.0000,0.0043
8,141,23,1,75,0.0000,0.0000
9,137,18,0,75,0.0000,0.0000
10,135,24,0,75,0.0000,0.0000
11,132,25,0,75,0.0000,0.0000
12,127,28,0,75,0.0000,0.0189
13,121,21,1,74,0.0000,0.0079
14,119,20,1,73,0.0000,0.0000
15,114,22,0,73,0.0000,0.0000
16,108,19,0,73,0.0000,0.0000
17,102,20,0,73,0.0000,0.0000
18,99,16,0,73,0.0000,0.0196
19,96,16,0,73,0.0000,0.0169
20,93,18,3,70,0.0000,0.0000
21,89,16,0,70,0.0000,0.0000
22,83,17,0,70,0.0000,0.0000
23,79,14,0,70,0.0000,0.0000
24,77,10,0,70,0.0000,0.0309
25,71,14,1,69,0.0000,0.0078
26,64,11,1,68,0.0000,0.0031
27,60,9,1,67,0.0000,0.0000
28,56,11,0,67,0.0000,0.0000
29,51,8,0,67,0.0000,0.0000
30,47,7,1,66,0.0000,0.0185
31,45,7,0,66,0.0000,0.0059
32,41,9,1,65,0.0000,0.0000
33,40,4,0,65,0.0000,0.0000
34,35,4,0,65,0.0000,0.0000
35,35,5,0,65,0.0000,0.0000
36,31,3,0,65,0.0000,0.0363
37,29,4,0,65,0.0000,0.0232
38,26,4,0,65,0.0000,0.0205
39,25,2,2,63,0.0000,0.0000
40,23,3,0,63,0.0000,0.0000
41,19,2,0,63,0.0000,0.0000
42,18,3,2,61,0.0000,0.0111
43,15,2,0,61,0.0000,0.0133
44,13,1,0,61,0.0000,0.0154
45,12,1,1,60,0.0000,0.0000
46,10,1,0,60,0.0000,0.0000
47,10,1,0,60,0.0000,0.0000
48,9,0,1,59,0.0000,0.0470
49,9,0,0,59,0.0000,0.0000
50,8,0,0,59,0.0000,0.0000
51,8,0,0,59,0.0000,0.0000
52,6,0,0,59,0.0000,0.0000
53,6,0,0,59,0.0000,0.0000
54,6,1,1,58,0.0000,0.0974
55,6,0,0,58,0.0000,0.0889
56,6,0,2,56,0.0000,0.0000
57,5,0,0,56,0.0000,0.0000
58,5,0,0,56,0.0000,0.0000
59,5,0,0,56,0.0000,0.0000
60,4,0,0,56,0.0000,0.1127
61,3,0,2,54,0.0000,0.0000
62,3,0,0,54,0.0000,0.0000
63,2,0,0,54,0.0000,0.0000
64,2,0,0,54,0.0000,0.0000
65,2,0,0,54,0.0000,0.0000
66,2,0,1,53,0.0000,0.0000
67,2,0,0,53,0.0000,0.0000
68,2,0,0,53,0.0000,0.0000
69,1,0,0,53,0.0000,0.0000
70,1,0,0,53,0.0000,0.0000
71,1,0,0,53,0.0000,0.0000
72,1,0,0,53,0.0000,0.2000
73,1,0,0,53,0.0000,0.2000
74,1,0,0,53,0.0000,0.2000
75,1,0,1,52,0.0000,0.0000
76,1,0,0,52,0.0000,0.0000
77,1,0,0,52,0.0000,0.0000
78,1,0,0,52,0.0000,0.2000
79,1,0,0,52,0.0000,0.2000
80,1,0,1,51,0.0000,0.0000
81,1,0,0,51,0.0000,0.0000
82,1,0,0,51,0.0000,0.0000
83,1,0,0,51,0.0000,0.0000
84,1,0,0,51,0.0000,0.0000
85,1,0,0,51,0.0000,0.0000
86,1,0,0,51,0.0000,0.0000
87,1,0,0,51,0.0000,0.0000
88,1,0,0,51,0.0000,0.0000
89,1,0,0,51,0.0000,0.0000
90,1,0,0,51,0.0000,0.0000
91,1,0,0,51,0.0000,0.0000
92,1,0,0,51,0.0000,0.0000
93,0,0,0,51,0.0000,0.0000
1,149,15,2,78,0.1216,0.0038
2,148,19,0,78,0.0226,0.0030
3,146,21,1,77,0.0046,0.0000
4,146,19,0,77,0.0010,0.0000
5,145,17,0,77,0.0002,0.0000
6,142,18,1,76,0.0000,0.0121
7,141,19,0,76,0.0000,0.0036
8,140,17,1,75,0.0000,0.0000
9,139,15,0,75,0.0000,0.0000
10,137,21,0,75,0.0000,0.0000
11,134,21,0,75,0.0000,0.0000
12,131,18,1,74,0.0000,0.0098
13,127,27,2,72,0.0000,0.0000
14,123,19,0,72,0.0000,0.0000
15,119,18,0,72,0.0000,0.0000
16,114,17,0,72,0.0000,0.0000
17,111,20,0,72,0.0000,0.0000
18,105,20,1,71,0.0000,0.0191
19,100,23,1,70,0.0000,0.0044
20,96,20,1,69,0.0000,0.0000
21,90,18,0,69,0.0000,0.0000
22,84,14,0,69,0.0000,0.0000
23,79,17,0,69,0.0000,0.0000
24,75,12,1,68,0.0000,0.0211
25,72,11,2,66,0.0000,0.0000
26,68,9,0,66,0.0000,0.0000
27,64,9,0,66,0.0000,0.0000
28,59,11,0,66,0.0000,0.0000
29,57,10,0,66,0.0000,0.0000
30,51,7,1,65,0.0000,0.0142
31,46,7,0,65,0.0000,0.0000
32,43,5,0,65,0.0000,0.0000
33,39,6,0,65,0.0000,0.0000
34,36,7,0,65,0.0000,0.0000
35,33,4,0,65,0.0000,0.0000
36,29,4,1,64,0.0000,0.0228
37,26,4,1,63,0.0000,0.0000
38,23,1,0,63,0.0000,0.0000
39,21,5,0,63,0.0000,0.0000
40,19,5,0,63,0.0000,0.0000
41,14,1,0,63,0.0000,0.0000
42,12,1,1,62,0.0000,0.0644
43,11,0,1,61,0.0000,0.0000
44,10,1,0,61,0.0000,0.0000
45,10,1,0,61,0.0000,0.0000
46,9,0,0,61,0.0000,0.0000
47,7,0,0,61,0.0000,0.0000
48,6,0,0,61,0.0000,0.0778
49,5,0,0,61,0.0000,0.1011
50,5,0,0,61,0.0000,0.0933
51,5,0,2,59,0.0000,0.0000
52,5,0,0,59,0.0000,0.0000
53,5,0,0,59,0.0000,0.0000
54,5,0,0,59,0.0000,0.0800
55,4,0,1,58,0.0000,0.0500
56,4,0,1,57,0.0000,0.0000
57,4,0,0,57,0.0000,0.0000
58,2,0,0,57,0.0000,0.0000
59,2,0,0,57,0.0000,0.0000
60,2,0,0,57,0.0000,0.2000
61,2,0,1,56,0.0000,0.1000
62,1,0,1,55,0.0000,0.0000
63,1,0,0,55,0.0000,0.0000
64,1,0,0,55,0.0000,0.0000
65,1,0,0,55,0.0000,0.0000
66,1,0,0,55,0.0000,0.2000
67,1,0,0,55,0.0000,0.2000
68,1,0,1,54,0.0000,0.0000
69,1,0,0,54,0.0000,0.0000
70,1,0,0,54,0.0000,0.0000
71,1,0,0,54,0.0000,0.0000
72,1,0,0,54,0.0000,0.0000
73,1,0,0,54,0.0000,0.0000
74,1,0,0,54,0.0000,0.0000
75,0,0,0,54,0.0000,0.0000
1,149,14,3,77,0.1216,0.0000
2,149,14,0,77,0.0234,0.0000
3,149,20,0,77,0.0047,0.0000
4,148,20,0,77,0.0010,0.0000
5,147,21,0,77,0.0002,0.0000
6,147,21,2,75,0.0000,0.0043
7,146,20,1,74,0.0000,0.0000
8,144,30,0,74,0.0000,0.0000
9,141,22,0,74,0.0000,0.0000
10,139,26,0,74,0.0000,0.0000
11,136,18,0,74,0.0000,0.0000
12,133,23,2,72,0.0000,0.0106
13,130,22,0,72,0.0000,0.0133
14,123,27,1,71,0.0000,0.0000
15,121,30,0,71,0.0000,0.0000
16,118,21,0,71,0.0000,0.0000
17,116,18,0,71,0.0000,0.0000
18,111,18,0,71,0.0000,0.0344
19,106,25,3,68,0.0000,0.0000
20,100,20,0,68,0.0000,0.0000
21,95,14,0,68,0.0000,0.0000
22,90,18,0,68,0.0000,0.0000
23,86,17,0,68,0.0000,0.0000
24,78,11,2,66,0.0000,0.0039
25,74,15,0,66,0.0000,0.0045
26,67,12,0,66,0.0000,0.0050
27,65,11,1,65,0.0000,0.0000
28,58,7,0,65,0.0000,0.0000
29,52,7,0,65,0.0000,0.0000
30,48,10,1,64,0.0000,0.0123
31,46,7,2,62,0.0000,0.0000
32,44,8,0,62,0.0000,0.0000
33,42,6,0,62,0.0000,0.0000
34,36,7,0,62,0.0000,0.0000
35,34,5,0,62,0.0000,0.0000
36,32,3,2,60,0.0000,0.0094
37,29,4,1,59,0.0000,0.0000
38,26,3,0,59,0.0000,0.0000
39,24,3,0,59,0.0000,0.0000
40,22,2,0,59,0.0000,0.0000
41,18,1,0,59,0.0000,0.0000
42,17,1,2,57,0.0000,0.0000
43,14,1,0,57,0.0000,0.0000
44,13,0,0,57,0.0000,0.0000
45,10,1,0,57,0.0000,0.0000
46,8,0,0,57,0.0000,0.0000
47,7,0,0,57,0.0000,0.0000
48,5,0,1,56,0.0000,0.0611
49,4,0,0,56,0.0000,0.0000
50,3,0,0,56,0.0000,0.0000
51,1,0,0,56,0.0000,0.0000
52,1,0,0,56,0.0000,0.0000
53,1,0,0,56,0.0000,0.0000
54,1,0,1,55,0.0000,0.0000
55,1,0,0,55,0.0000,0.0000
56,1,0,0,55,0.0000,0.0000
57,1,0,0,55,0.0000,0.0000
58,1,0,0,55,0.0000,0.0000
59,1,0,0,55,0.0000,0.0000
60,1,0,1,54,0.0000,0.0000
61,1,0,0,54,0.0000,0.0000
62,1,0,0,54,0.0000,0.0000
63,1,0,0,54,0.0000,0.0000
64,1,0,0,54,0.0000,0.0000
65,0,0,0,54,0.0000,0.0000
1,147,19,2,78,0.1224,0.0059
2,147,17,1,77,0.0239,0.0000
3,147,15,0,77,0.0049,0.0000
4,145,16,0,77,0.0010,0.0000
5,143,13,0,77,0.0002,0.0000
6,142,20,3,74,0.0000,0.0000
7,141,18,0,74,0.0000,0.0000
8,140,22,0,74,0.0000,0.0000
9,137,20,0,74,0.0000,0.0000
10,135,21,0,74,0.0000,0.0000
11,133,19,0,74,0.0000,0.0000
12,130,14,0,74,0.0000,0.0213
13,124,22,2,72,0.0000,0.0025
14,120,21,1,71,0.0000,0.0000
15,117,21,0,71,0.0000,0.0000
16,112,21,0,71,0.0000,0.0000
17,112,26,0,71,0.0000,0.0000
18,109,18,1,70,0.0000,0.0066
19,103,14,1,69,0.0000,0.0000
20,96,12,0,69,0.0000,0.0000
21,90,17,0,69,0.0000,0.0000
22,84,16,0,69,0.0000,0.0000
23,78,16,0,69,0.0000,0.0000
24,75,17,2,67,0.0000,0.0097
25,70,14,0,67,0.0000,0.0144
26,64,10,0,67,0.0000,0.0139
27,58,7,0,67,0.0000,0.0175
28,54,10,1,66,0.0000,0.0000
29,51,6,0,66,0.0000,0.0000
30,46,3,0,66,0.0000,0.0493
31,42,4,0,66,0.0000,0.0421
32,39,7,1,65,0.0000,0.0187
33,37,5,2,63,0.0000,0.0000
34,35,5,0,63,0.0000,0.0000
35,31,4,0,63,0.0000,0.0000
36,26,1,0,63,0.0000,0.0439
37,23,1,1,62,0.0000,0.0165
38,19,2,1,61,0.0000,0.0000
39,19,1,0,61,0.0000,0.0000
40,16,1,0,61,0.0000,0.0000
41,12,1,0,61,0.0000,0.0000
42,10,1,1,60,0.0000,0.0772
43,9,0,0,60,0.0000,0.0823
44,6,0,0,60,0.0000,0.0889
45,5,0,1,59,0.0000,0.0000
46,4,0,0,59,0.0000,0.0000
47,3,0,0,59,0.0000,0.0000
48,2,0,0,59,0.0000,0.0000
49,1,0,0,59,0.0000,0.0000
50,1,0,0,59,0.0000,0.0000
51,1,0,0,59,0.0000,0.0000
52,1,0,0,59,0.0000,0.0000
53,1,0,0,59,0.0000,0.0000
54,1,0,0,59,0.0000,0.0000
55,1,0,0,59,0.0000,0.0000
56,0,0,0,59,0.0000,0.0000
1,148,16,3,77,0.1216,0.0000
2,147,16,0,77,0.0237,0.0000
3,146,13,0,77,0.0049,0.0000
4,146,18,0,77,0.0010,0.0000
5,144,13,0,77,0.0002,0.0000
6,144,19,2,75,0.0000,0.0056
7,142,17,0,75,0.0000,0.0000
8,141,16,0,75,0.0000,0.0000
9,140,21,0,75,0.0000,0.0000
10,138,20,0,75,0.0000,0.0000
11,131,18,0,75,0.0000,0.0000
12,129,22,2,73,0.0000,0.0034
13,128,19,1,72,0.0000,0.0000
14,123,20,0,72,0.0000,0.0000
15,122,20,0,72,0.0000,0.0000
16,118,22,0,72,0.0000,0.0000
17,116,23,0,72,0.0000,0.0000
18,113,21,1,71,0.0000,0.0085
19,108,22,0,71,0.0000,0.0089
20,104,20,1,70,0.0000,0.0038
21,99,17,1,69,0.0000,0.0000
22,93,15,0,69,0.0000,0.0000
23,89,15,0,69,0.0000,0.0000
24,85,19,1,68,0.0000,0.0126
25,79,11,0,68,0.0000,0.0187
26,74,13,1,67,0.0000,0.0082
27,69,11,1,66,0.0000,0.0000
28,65,9,0,66,0.0000,0.0000
29,61,11,0,66,0.0000,0.0000
30,56,9,1,65,0.0000,0.0222
31,51,7,0,65,0.0000,0.0265
32,44,10,1,64,0.0000,0.0136
33,43,11,0,64,0.0000,0.0186
34,38,6,1,63,0.0000,0.0000
35,36,5,0,63,0.0000,0.0000
36,33,4,1,62,0.0000,0.0270
37,30,3,0,62,0.0000,0.0217
38,27,2,1,61,0.0000,0.0181
39,26,2,1,60,0.0000,0.0000
40,25,0,0,60,0.0000,0.0000
41,21,1,0,60,0.0000,0.0000
42,19,1,2,58,0.0000,0.0132
43,17,2,1,57,0.0000,0.0000
44,15,1,0,57,0.0000,0.0000
45,14,1,0,57,0.0000,0.0000
46,13,0,0,57,0.0000,0.0000
47,13,0,0,57,0.0000,0.0000
48,13,0,1,56,0.0000,0.0531
49,11,0,2,54,0.0000,0.0000
50,7,0,0,54,0.0000,0.0000
51,7,0,0,54,0.0000,0.0000
52,7,0,0,54,0.0000,0.0000
53,7,0,0,54,0.0000,0.0000
54,6,0,0,54,0.0000,0.1000
55,5,0,1,53,0.0000,0.0933
56,3,0,0,53,0.0000,0.0667
57,3,0,1,52,0.0000,0.0000
58,3,0,0,52,0.0000,0.0000
59,2,0,0,52,0.0000,0.0000
60,2,0,1,51,0.0000,0.0000
61,2,0,0,51,0.0000,0.0000
62,2,0,0,51,0.0000,0.0000
63,2,0,0,51,0.0000,0.0000
64,2,0,0,51,0.0000,0.0000
65,2,0,0,51,0.0000,0.0000
66,2,0,1,50,0.0000,0.0000
67,2,0,0,50,0.0000,0.0000
68,2,0,0,50,0.0000,0.0000
69,1,0,0,50,0.0000,0.0000
70,1,0,0,50,0.0000,0.0000
71,1,0,0,50,0.0000,0.0000
72,1,0,0,50,0.0000,0.0000
73,1,0,0,50,0.0000,0.0000
74,1,0,0,50,0.0000,0.0000
75,1,0,0,50,0.0000,0.0000
76,1,0,0,50,0.0000,0.0000
77,1,0,0,50,0.0000,0.0000
78,1,0,0,50,0.0000,0.0000
79,0,0,0,50,0.0000,0.0000
1,147,14,2,78,0.1190,0.0037
2,147,18,0,78,0.0239,0.0029
3,146,14,0,78,0.0049,0.0035
4,146,16,1,77,0.0010,0.0000
5,145,19,0,77,0.0002,0.0000
6,145,17,2,75,0.0000,0.0046
7,144,13,0,75,0.0000,0.0054
8,142,16,0,75,0.0000,0.0070
9,139,23,1,74,0.0000,0.0000
10,136,20,0,74,0.0000,0.0000
11,134,22,0,74,0.0000,0.0000
12,130,18,2,72,0.0000,0.0144
13,126,22,0,72,0.0000,0.0109
14,124,18,1,71,0.0000,0.0000
15,120,19,0,71,0.0000,0.0000
16,115,14,0,71,0.0000,0.0000
17,110,17,0,71,0.0000,0.0000
18,103,19,0,71,0.0000,0.0274
19,99,16,2,69,0.0000,0.0075
20,94,14,0,69,0.0000,0.0050
21,88,18,1,68,0.0000,0.0000
22,84,17,0,68,0.0000,0.0000
23,78,12,0,68,0.0000,0.0000
24,75,10,0,68,0.0000,0.0162
25,70,11,1,67,0.0000,0.0062
26,64,7,0,67,0.0000,0.0033
27,56,8,1,66,0.0000,0.0000
28,51,7,0,66,0.0000,0.0000
29,46,7,0,66,0.0000,0.0000
30,43,8,1,65,0.0000,0.0190
31,41,6,2,63,0.0000,0.0000
32,39,8,0,63,0.0000,0.0000
33,37,5,0,63,0.0000,0.0000
34,34,2,0,63,0.0000,0.0000
35,33,2,0,63,0.0000,0.0000
36,31,6,1,62,0.0000,0.0598
37,29,2,0,62,0.0000,0.0561
38,27,3,0,62,0.0000,0.0531
39,25,2,0,62,0.0000,0.0389
40,21,1,2,60,0.0000,0.0000
41,20,1,0,60,0.0000,0.0000
42,17,1,1,59,0.0000,0.0406
43,15,0,1,58,0.0000,0.0212
44,12,1,0,58,0.0000,0.0176
45,10,0,1,57,0.0000,0.0000
46,8,0,0,57,0.0000,0.0000
47,6,1,0,57,0.0000,0.0000
48,6,0,2,55,0.0000,0.0510
49,6,1,0,55,0.0000,0.0444
50,5,0,0,55,0.0000,0.0400
51,5,0,1,54,0.0000,0.0000
52,4,0,0,54,0.0000,0.0000
53,4,0,0,54,0.0000,0.0000
54,4,0,0,54,0.0000,0.1167
55,4,0,0,54,0.0000,0.1000
56,3,0,2,52,0.0000,0.0000
57,2,0,0,52,0.0000,0.0000
58,2,0,0,52,0.0000,0.0000
59,2,0,0,52,0.0000,0.0000
60,1,0,0,52,0.0000,0.0000
61,1,0,0,52,0.0000,0.0000
62,1,0,0,52,0.0000,0.0000
63,0,0,0,52,0.0000,0.0000
1,150,16,3,77,0.1208,0.0000
2,149,16,0,77,0.0238,0.0000
3,149,17,0,77,0.0049,0.0000
4,149,15,0,77,0.0011,0.0000
5,149,12,0,77,0.0002,0.0000
6,146,17,0,77,0.0001,0.0090
7,143,17,3,74,0.0000,0.0000
8,142,14,0,74,0.0000,0.0000
9,141,13,0,74,0.0000,0.0000
10,139,15,0,74,0.0000,0.0000
11,135,18,0,74,0.0000,0.0000
12,134,12,0,74,0.0000,0.0066
13,129,22,1,73,0.0000,0.0036
14,126,18,1,72,0.0000,0.0028
15,121,24,1,71,0.0000,0.0000
16,116,20,0,71,0.0000,0.0000
17,112,15,0,71,0.0000,0.0000
18,106,17,0,71,0.0000,0.0148
19,99,18,1,70,0.0000,0.0116
20,96,19,0,70,0.0000,0.0105
21,92,20,1,69,0.0000,0.0100
22,90,15,1,68,0.0000,0.0000
23,84,15,0,68,0.0000,0.0000
24,79,20,1,67,0.0000,0.0170
25,76,15,1,66,0.0000,0.0070
26,73,17,1,65,0.0000,0.0000
27,67,7,0,65,0.0000,0.0000
28,59,7,0,65,0.0000,0.0000
29,52,9,0,65,0.0000,0.0000
30,46,9,1,64,0.0000,0.0288
31,42,8,1,63,0.0000,0.0173
32,38,7,1,62,0.0000,0.0000
33,35,8,0,62,0.0000,0.0000
34,33,3,0,62,0.0000,0.0000
35,28,3,0,62,0.0000,0.0000
36,26,5,0,62,0.0000,0.0442
37,25,3,0,62,0.0000,0.0474
38,20,1,0,62,0.0000,0.0531
39,17,0,2,60,0.0000,0.0000
40,14,0,0,60,0.0000,0.0000
41,11,0,0,60,0.0000,0.0000
42,9,0,0,60,0.0000,0.0741
43,8,1,0,60,0.0000,0.0828
44,8,0,2,58,0.0000,0.0250
45,7,0,0,58,0.0000,0.0000
46,6,0,0,58,0.0000,0.0000
47,5,0,0,58,0.0000,0.0000
48,4,0,0,58,0.0000,0.1500
49,4,0,2,56,0.0000,0.0500
50,4,0,0,56,0.0000,0.0500
51,4,0,1,55,0.0000,0.0000
52,4,0,0,55,0.0000,0.0000
53,3,0,0,55,0.0000,0.0000
54,3,0,1,54,0.0000,0.0667
55,3,0,0,54,0.0000,0.0667
56,3,0,1,53,0.0000,0.0000
57,3,0,0,53,0.0000,0.0000
58,2,0,0,53,0.0000,0.0000
59,1,0,0,53,0.0000,0.0000
60,1,0,0,53,0.0000,0.0000
61,1,0,0,53,0.0000,0.0000
62,1,0,0,53,0.0000,0.0000
63,1,0,0,53,0.0000,0.0000
64,1,0,0,53,0.0000,0.0000
65,1,0,0,53,0.0000,0.0000
66,1,0,0,53,0.0000,0.0000
67,0,0,0,53,0.0000,0.0000
1,149,17,3,77,0.1208,0.0000
2,149,14,0,77,0.0230,0.0000
3,148,17,0,77,0.0045,0.0000
4,148,24,0,77,0.0009,0.0000
5,148,20,0,77,0.0002,0.0000
6,146,27,2,75,0.0000,0.0021
7,145,23,1,74,0.0000,0.0000
8,145,24,0,74,0.0000,0.0000
9,142,24,0,74,0.0000,0.0000
10,139,28,0,74,0.0000,0.0000
11,135,25,0,74,0.0000,0.0000
12,134,24,1,73,0.0000,0.0072
13,132,21,2,71,0.0000,0.0000
14,126,25,0,71,0.0000,0.0000
15,118,24,0,71,0.0000,0.0000
16,116,16,0,71,0.0000,0.0000
17,112,23,0,71,0.0000,0.0000
18,110,20,1,70,0.0000,0.0113
19,106,20,1,69,0.0000,0.0053
20,100,15,1,68,0.0000,0.0000
21,94,14,0,68,0.0000,0.0000
22,88,16,0,68,0.0000,0.0000
23,83,14,0,68,0.0000,0.0000
24,80,12,2,66,0.0000,0.0184
25,75,14,0,66,0.0000,0.0187
26,70,12,0,66,0.0000,0.0185
27,66,16,0,66,0.0000,0.0209
28,61,11,0,66,0.0000,0.0211
29,57,11,0,66,0.0000,0.0194
30,53,7,1,65,0.0000,0.0440
31,49,6,0,65,0.0000,0.0421
32,45,7,2,63,0.0000,0.0278
33,43,7,0,63,0.0000,0.0000
34,38,6,0,63,0.0000,0.0000
35,36,5,0,63,0.0000,0.0000
36,33,1,1,62,0.0000,0.0298
37,32,2,1,61,0.0000,0.0063
38,28,3,1,60,0.0000,0.0000
39,24,4,0,60,0.0000,0.0000
40,22,3,0,60,0.0000,0.0000
41,19,4,0,60,0.0000,0.0000
42,18,1,1,59,0.0000,0.0643
43,16,0,1,58,0.0000,0.0272
44,12,1,1,57,0.0000,0.0000
45,11,1,0,57,0.0000,0.0000
46,9,1,0,57,0.0000,0.0000
47,8,0,0,57,0.0000,0.0000
48,7,1,1,56,0.0000,0.0286
49,6,0,0,56,0.0000,0.0333
50,4,0,1,55,0.0000,0.0000
51,2,0,0,55,0.0000,0.0000
52,2,0,0,55,0.0000,0.0000
53,2,0,0,55,0.0000,0.0000
54,2,0,0,55,0.0000,0.1000
55,2,0,0,55,0.0000,0.1000
56,1,0,0,55,0.0000,0.2000
57,1,0,1,54,0.0000,0.0000
58,1,0,0,54,0.0000,0.0000
59,1,0,0,54,0.0000,0.0000
60,1,0,1,53,0.0000,0.0000
61,1,0,0,53,0.0000,0.0000
62,1,0,0,53,0.0000,0.0000
63,1,0,0,53,0.0000,0.0000
64,1,0,0,53,0.0000,0.0000
65,1,0,0,53,0.0000,0.0000
66,1,0,0,53,0.0000,0.2000
67,1,0,1,52,0.0000,0.0000
68,1,0,0,52,0.0000,0.0000
69,1,0,0,52,0.0000,0.0000
70,1,0,0,52,0.0000,0.0000
71,1,0,0,52,0.0000,0.0000
72,1,0,0,52,0.0000,0.2000
73,1,0,0,52,0.0000,0.2000
74,1,0,1,51,0.0000,0.0000
75,1,0,0,51,0.0000,0.0000
76,1,0,0,51,0.0000,0.0000
77,1,0,0,51,0.0000,0.0000
78,1,0,0,51,0.0000,0.2000
79,1,0,1,50,0.0000,0.0000
80,1,0,0,50,0.0000,0.0000
81,1,0,0,50,0.0000,0.0000
82,1,0,0,50,0.0000,0.0000
83,1,0,0,50,0.0000,0.0000
84,1,0,0,50,0.0000,0.0000
85,1,0,0,50,0.0000,0.0000
86,1,0,0,50,0.0000,0.0000
87,1,0,0,50,0.0000,0.0000
88,1,0,0,50,0.0000,0.0000
89,1,0,0,50,0.0000,0.0000
90,0,0,0,50,0.0000,0.0000
1,146,14,1,79,0.1224,0.0046
2,146,16,1,78,0.0229,0.0000
3,144,24,0,78,0.0044,0.0000
4,144,22,0,78,0.0009,0.0000
5,144,25,0,78,0.0002,0.0000
6,144,21,1,77,0.0000,0.0102
7,144,21,0,77,0.0000,0.0034
8,143,21,1,76,0.0000,0.0000
9,141,22,0,76,0.0000,0.0000
10,139,28,0,76,0.0000,0.0000
11,136,26,0,76,0.0000,0.0000
12,134,26,1,75,0.0000,0.0150
13,129,29,1,74,0.0000,0.0104
14,126,21,0,74,0.0000,0.0000
15,124,26,0,74,0.0000,0.0000
16,122,24,0,74,0.0000,0.0000
17,119,22,0,74,0.0000,0.0000
18,116,19,1,73,0.0000,0.0131
19,110,23,1,72,0.0000,0.0061
20,106,24,0,72,0.0000,0.0046
21,101,18,1,71,0.0000,0.0000
22,94,22,0,71,0.0000,0.0000
23,91,18,0,71,0.0000,0.0000
24,88,17,1,70,0.0000,0.0133
25,86,14,1,69,0.0000,0.0000
26,81,16,0,69,0.0000,0.0000
27,77,16,0,69,0.0000,0.0000
28,74,8,0,69,0.0000,0.0000
29,70,10,0,69,0.0000,0.0000
30,64,9,1,68,0.0000,0.0241
31,62,14,0,68,0.0000,0.0294
32,60,13,1,67,0.0000,0.0208
33,56,12,0,67,0.0000,0.0251
34,55,11,1,66,0.0000,0.0000
35,51,8,0,66,0.0000,0.0000
36,50,10,1,65,0.0000,0.0050
37,47,8,1,64,0.0000,0.0000
38,44,9,0,64,0.0000,0.0000
39,39,7,0,64,0.0000,0.0000
40,38,11,0,64,0.0000,0.0000
41,36,7,0,64,0.0000,0.0000
42,34,5,2,62,0.0000,0.0387
43,31,7,0,62,0.0000,0.0360
44,29,6,0,62,0.0000,0.0418
45,26,4,0,62,0.0000,0.0377
46,24,2,0,62,0.0000,0.0197
47,20,3,1,61,0.0000,0.0000
48,19,4,1,60,0.0000,0.0299
49,18,2,0,60,0.0000,0.0270
50,18,1,1,59,0.0000,0.0000
51,16,1,0,59,0.0000,0.0000
52,14,2,0,59,0.0000,0.0000
53,13,2,0,59,0.0000,0.0000
54,13,2,0,59,0.0000,0.0205
55,11,2,0,59,0.0000,0.0182
56,10,1,1,58,0.0000,0.0000
57,8,0,0,58,0.0000,0.0000
58,7,0,0,58,0.0000,0.0000
59,5,0,0,58,0.0000,0.0000
60,5,1,1,57,0.0000,0.0400
61,4,0,1,56,0.0000,0.0000
62,4,0,0,56,0.0000,0.0000
63,3,0,0,56,0.0000,0.0000
64,3,0,0,56,0.0000,0.0000
65,3,0,0,56,0.0000,0.0000
66,3,0,0,56,0.0000,0.0667
67,3,0,0,56,0.0000,0.0667
68,3,0,1,55,0.0000,0.0000
69,3,0,0,55,0.0000,0.0000
70,1,0,0,55,0.0000,0.0000
71,1,0,0,55,0.0000,0.0000
72,1,0,0,55,0.0000,0.0000
73,1,0,0,55,0.0000,0.0000
74,1,0,0,55,0.0000,0.0000
75,1,0,0,55,0.0000,0.0000
76,1,0,0,55,0.0000,0.0000
77,1,0,0,55,0.0000,0.0000
78,0,0,0,55,0.0000,0.0000
1,148,20,1,79,0.1199,0.0069
2,147,19,1,78,0.0236,0.0000
3,146,10,0,78,0.0049,0.0000
4,146,21,0,78,0.0010,0.0000
5,141,19,0,78,0.0002,0.0000
6,139,15,1,77,0.0000,0.0147
7,137,16,0,77,0.0000,0.0134
8,137,19,0,77,0.0000,0.0135
9,135,18,1,76,0.0000,0.0123
10,134,15,0,76,0.0000,0.0000
11,130,20,0,76,0.0000,0.0000
12,126,17,3,73,0.0000,0.0000
13,123,15,0,73,0.0000,0.0000
14,117,19,0,73,0.0000,0.0000
15,112,20,0,73,0.0000,0.0000
16,106,20,0,73,0.0000,0.0000
17,102,18,0,73,0.0000,0.0000
18,96,15,2,71,0.0000,0.0029
19,94,17,0,71,0.0000,0.0028
20,89,12,0,71,0.0000,0.0022
21,82,12,1,70,0.0000,0.0000
22,77,13,0,70,0.0000,0.0000
23,71,12,0,70,0.0000,0.0000
24,65,8,2,68,0.0000,0.0069
25,60,10,0,68,0.0000,0.0091
26,57,10,0,68,0.0000,0.0102
27,50,8,1,67,0.0000,0.0000
28,46,8,0,67,0.0000,0.0000
29,44,4,0,67,0.0000,0.0000
30,41,6,2,65,0.0000,0.0098
31,39,5,0,65,0.0000,0.0064
32,37,6,1,64,0.0000,0.0000
33,34,2,0,64,0.0000,0.0000
34,29,2,0,64,0.0000,0.0000
35,27,3,0,64,0.0000,0.0000
36,24,3,1,63,0.0000,0.0242
37,21,2,0,63,0.0000,0.0384
38,18,3,1,62,0.0000,0.0000
39,17,2,0,62,0.0000,0.0000
40,17,2,0,62,0.0000,0.0000
41,15,1,0,62,0.0000,0.0000
42,11,1,1,61,0.0000,0.0642
43,7,0,0,61,0.0000,0.0000
44,5,0,0,61,0.0000,0.0000
45,4,1,0,61,0.0000,0.0000
46,3,0,0,61,0.0000,0.0000
47,3,0,0,61,0.0000,0.0000
48,2,0,0,61,0.0000,0.1000
49,2,0,0,61,0.0000,0.1255
50,2,0,1,60,0.0000,0.0000
51,2,0,0,60,0.0000,0.0000
52,2,0,0,60,0.0000,0.0000
53,1,0,0,60,0.0000,0.0000
54,0,0,0,60,0.0000,0.0000
1,147,11,0,80,0.1241,0.0158
2,146,18,2,78,0.0242,0.0049
3,145,16,1,77,0.0050,0.0000
4,145,18,0,77,0.0010,0.0000
5,144,16,0,77,0.0002,0.0000
6,142,15,2,75,0.0000,0.0079
7,140,24,1,74,0.0000,0.0000
8,139,16,0,74,0.0000,0.0000
9,138,20,0,74,0.0000,0.0000
10,135,20,0,74,0.0000,0.0000
11,132,21,0,74,0.0000,0.0000
12,129,23,1,73,0.0000,0.0165
13,124,21,1,72,0.0000,0.0130
14,122,26,1,71,0.0000,0.0000
15,117,17,0,71,0.0000,0.0000
16,114,20,0,71,0.0000,0.0000
17,109,20,0,71,0.0000,0.0000
18,105,26,1,70,0.0000,0.0184
19,102,18,1,69,0.0000,0.0155
20,97,20,0,69,0.0000,0.0171
21,92,10,0,69,0.0000,0.0144
22,88,17,1,68,0.0000,0.0000
23,84,14,0,68,0.0000,0.0000
24,81,17,2,66,0.0000,0.0091
25,75,14,0,66,0.0000,0.0062
26,69,11,0,66,0.0000,0.0059
27,65,11,1,65,0.0000,0.0000
28,58,14,0,65,0.0000,0.0000
29,54,7,0,65,0.0000,0.0000
30,51,3,0,65,0.0000,0.0290
31,47,7,2,63,0.0000,0.0200
32,43,5,0,63,0.0000,0.0000
33,39,6,0,63,0.0000,0.0000
34,36,4,0,63,0.0000,0.0000
35,32,4,0,63,0.0000,0.0000
36,27,1,1,62,0.0000,0.0093
37,24,3,0,62,0.0000,0.0083
38,20,1,1,61,0.0000,0.0000
39,16,1,0,61,0.0000,0.0000
40,15,0,0,61,0.0000,0.0000
41,12,0,0,61,0.0000,0.0000
42,11,1,0,61,0.0000,0.0364
43,11,0,1,60,0.0000,0.0182
44,10,0,1,59,0.0000,0.0000
45,8,0,0,59,0.0000,0.0000
46,5,0,0,59,0.0000,0.0000
47,4,0,0,59,0.0000,0.0000
48,4,0,0,59,0.0000,0.0500
49,2,0,0,59,0.0000,0.1000
50,2,0,0,59,0.0000,0.1000
51,2,0,1,58,0.0000,0.0000
52,2,0,0,58,0.0000,0.0000
53,2,0,0,58,0.0000,0.0000
54,2,0,0,58,0.0000,0.1000
55,2,0,0,58,0.0000,0.1000
56,2,0,0,58,0.0000,0.1000
57,2,0,0,58,0.0000,0.1000
58,2,0,0,58,0.0000,0.1000
59,1,0,0,58,0.0000,0.2000
60,1,0,0,58,0.0000,0.2000
61,1,0,0,58,0.0000,0.2000
62,1,0,0,58,0.0000,0.2000
63,1,0,0,58,0.0000,0.2000
64,1,0,0,58,0.0000,0.2000
65,1,0,0,58,0.0000,0.2000
66,1,0,0,58,0.0000,0.2000
67,1,0,0,58,0.0000,0.2000
68,1,0,0,58,0.0000,0.2000
69,1,0,0,58,0.0000,0.2000
70,1,0,0,58,0.0000,0.2000
71,1,0,0,58,0.0000,0.2000
72,1,0,0,58,0.0000,0.2000
73,1,0,0,58,0.0000,0.2000
74,1,0,0,58,0.0000,0.2000
75,1,0,0,58,0.0000,0.2000
76,1,0,0,58,0.0000,0.2000
77,1,0,0,58,0.0000,0.2000
78,1,0,0,58,0.0000,0.2000
79,1,0,0,58,0.0000,0.2000
80,1,0,0,58,0.0000,0.2000
81,1,0,0,58,0.0000,0.2000
82,1,0,0,58,0.0000,0.2000
83,1,0,0,58,0.0000,0.2000
84,1,0,0,58,0.0000,0.2000
85,1,0,0,58,0.0000,0.2000
86,1,0,0,58,0.0000,0.2000
87,1,0,0,58,0.0000,0.2000
88,1,0,0,58,0.0000,0.2000
89,1,0,0,58,0.0000,0.2000
90,1,0,0,58,0.0000,0.2000
91,1,0,0,58,0.0000,0.2000
92,1,0,0,58,0.0000,0.2000
93,1,0,0,58,0.0000,0.2000
94,1,0,0,58,0.0000,0.2000
95,1,0,0,58,0.0000,0.2000
96,1,0,0,58,0.0000,0.2000
97,1,0,0,58,0.0000,0.2000
98,1,0,0,58,0.0000,0.2000
99,1,0,0,58,0.0000,0.2000
100,1,0,0,58,0.0000,0.2000
101,1,0,0,58,0.0000,0.2000
102,1,0,0,58,0.0000,0.2000
103,1,0,0,58,0.0000,0.2000
104,1,0,0,58,0.0000,0.2000
105,1,0,0,58,0.0000,0.2000
106,1,0,0,58,0.0000,0.2000
107,1,0,0,58,0.0000,0.2000
108,1,0,0,58,0.0000,0.2000
109,1,0,0,58,0.0000,0.2000
110,1,0,0,58,0.0000,0.2000
111,1,0,0,58,0.0000,0.2000
112,1,0,0,58,0.0000,0.2000
113,1,0,0,58,0.0000,0.2000
114,1,0,0,58,0.0000,0.2000
115,1,0,0,58,0.0000,0.2000
116,1,0,0,58,0.0000,0.2000
117,1,0,0,58,0.0000,0.2000
118,1,0,0,58,0.0000,0.2000
119,1,0,0,58,0.0000,0.2000
120,1,0,0,58,0.0000,0.2000
121,1,0,0,58,0.0000,0.2000
122,1,0,0,58,0.0000,0.2000
123,1,0,0,58,0.0000,0.2000
124,1,0,0,58,0.0000,0.2000
125,1,0,0,58,0.0000,0.2000
126,1,0,0,58,0.0000,0.2000
127,1,0,0,58,0.0000,0.2000
128,1,0,0,58,0.0000,0.2000
129,1,0,0,58,0.0000,0.2000
130,1,0,0,58,0.0000,0.2000
131,1,0,0,58,0.0000,0.2000
132,1,0,0,58,0.0000,0.2000
133,1,0,0,58,0.0000,0.2000
134,1,0,0,58,0.0000,0.2000
135,1,0,0,58,0.0000,0.2000
136,1,0,0,58,0.0000,0.2000
137,1,0,0,58,0.0000,0.2000
138,1,0,0,58,0.0000,0.2000
139,1,0,0,58,0.0000,0.2000
140,1,0,0,58,0.0000,0.2000
141,1,0,0,58,0.0000,0.2000
142,1,0,0,58,0.0000,0.2000
143,1,0,0,58,0.0000,0.2000
144,1,0,0,58,0.0000,0.2000
145,1,0,0,58,0.0000,0.2000
146,1,0,0,58,0.0000,0.2000
147,1,0,0,58,0.0000,0.2000
148,1,0,0,58,0.0000,0.2000
149,1,0,0,58,0.0000,0.2000
150,1,0,0,58,0.0000,0.2000
151,1,0,0,58,0.0000,0.2000
152,1,0,0,58,0.0000,0.2000
153,1,0,0,58,0.0000,0.2000
154,1,0,0,58,0.0000,0.2000
155,1,0,0,58,0.0000,0.2000
156,1,0,0,58,0.0000,0.2000
157,1,0,0,58,0.0000,0.2000
158,1,0,0,58,0.0000,0.2000
159,1,0,0,58,0.0000,0.2000
160,1,0,0,58,0.0000,0.2000
161,1,0,0,58,0.0000,0.2000
162,1,0,0,58,0.0000,0.2000
163,1,0,0,58,0.0000,0.2000
164,1,0,0,58,0.0000,0.2000
165,1,0,0,58,0.0000,0.2000
166,1,0,0,58,0.0000,0.2000
167,1,0,0,58,0.0000,0.2000
168,1,0,0,58,0.0000,0.2000
169,1,0,0,58,0.0000,0.2000
170,1,0,0,58,0.0000,0.2000
171,1,0,0,58,0.0000,0.2000
172,1,0,0,58,0.0000,0.2000
173,1,0,0,58,0.0000,0.2000
174,1,0,0,58,0.0000,0.2000
175,1,0,0,58,0.0000,0.2000
176,1,0,0,58,0.0000,0.2000
177,1,0,0,58,0.0000,0.2000
178,1,0,0,58,0.0000,0.2000
179,1,0,0,58,0.0000,0.2000
180,1,0,0,58,0.0000,0.2000
181,1,0,0,58,0.0000,0.2000
182,1,0,0,58,0.0000,0.2000
183,1,0,0,58,0.0000,0.2000
184,1,0,0,58,0.0000,0.2000
185,1,0,0,58,0.0000,0.2000
186,1,0,0,58,0.0000,0.2000
187,1,0,0,58,0.0000,0.2000
188,1,0,0,58,0.0000,0.2000
189,1,0,0,58,0.0000,0.2000
190,1,0,0,58,0.0000,0.2000
191,1,0,0,58,0.0000,0.2000
192,1,0,0,58,0.0000,0.2000
193,1,0,0,58,0.0000,0.2000
194,1,0,0,58,0.0000,0.2000
195,1,0,0,58,0.0000,0.2000
196,1,0,0,58,0.0000,0.2000
197,1,0,0,58,0.0000,0.2000
198,1,0,0,58,0.0000,0.2000
199,1,0,0,58,0.0000,0.2000
200,1,0,0,58,0.0000,0.2000
1,147,21,0,80,0.1182,0.0000
2,147,16,0,80,0.0221,0.0000
3,146,24,0,80,0.0046,0.0000
4,146,14,0,80,0.0010,0.0000
5,144,17,0,80,0.0002,0.0000
6,142,24,0,80,0.0000,0.0000
7,141,22,0,80,0.0000,0.0000
8,138,18,0,80,0.0000,0.0000
9,136,26,0,80,0.0000,0.0000
10,133,26,0,80,0.0000,0.0000
11,130,21,0,80,0.0000,0.0000
12,125,18,0,80,0.0000,0.0000
13,123,24,0,80,0.0000,0.0000
14,119,19,0,80,0.0000,0.0000
15,117,20,0,80,0.0000,0.0000
16,112,19,0,80,0.0000,0.0000
17,109,23,0,80,0.0000,0.0000
18,103,15,0,80,0.0000,0.0000
19,97,21,0,80,0.0000,0.0000
20,94,17,0,80,0.0000,0.0000
21,88,17,0,80,0.0000,0.0000
22,87,18,0,80,0.0000,0.0000
23,81,19,0,80,0.0000,0.0000
24,77,16,0,80,0.0000,0.0000
25,75,13,0,80,0.0000,0.0000
26,70,14,0,80,0.0000,0.0000
27,65,9,0,80,0.0000,0.0000
28,61,11,0,80,0.0000,0.0000
29,56,10,0,80,0.0000,0.0000
30,54,13,0,80,0.0000,0.0000
31,50,7,0,80,0.0000,0.0000
32,46,9,0,80,0.0000,0.0000
33,43,10,0,80,0.0000,0.0000
34,41,8,0,80,0.0000,0.0000
35,37,6,0,80,0.0000,0.0000
36,35,6,0,80,0.0000,0.0000
37,33,6,0,80,0.0000,0.0000
38,29,5,0,80,0.0000,0.0000
39,26,3,0,80,0.0000,0.0000
40,22,4,0,80,0.0000,0.0000
41,21,3,0,80,0.0000,0.0000
42,19,2,0,80,0.0000,0.0000
43,17,2,0,80,0.0000,0.0000
44,15,0,0,80,0.0000,0.0000
45,13,1,0,80,0.0000,0.0000
46,11,1,0,80,0.0000,0.0000
47,9,1,0,80,0.0000,0.0000
48,8,0,0,80,0.0000,0.0000
49,7,2,0,80,0.0000,0.0000
50,7,1,0,80,0.0000,0.0000
51,6,1,0,80,0.0000,0.0000
52,4,1,0,80,0.0000,0.0000
53,4,0,0,80,0.0000,0.0000
54,4,0,0,80,0.0000,0.0000
55,3,0,0,80,0.0000,0.0000
56,3,0,0,80,0.0000,0.0000
57,1,0,0,80,0.0000,0.0000
58,1,0,0,80,0.0000,0.0000
59,1,0,0,80,0.0000,0.0000
60,1,0,0,80,0.0000,0.0000
61,1,0,0,80,0.0000,0.0000
62,0,0,0,80,0.0000,0.0000
1,149,24,0,80,0.1208,0.0000
2,147,18,0,80,0.0229,0.0000
3,147,11,0,80,0.0048,0.0000
4,147,15,0,80,0.0010,0.0000
5,144,23,0,80,0.0002,0.0000
6,144,18,0,80,0.0000,0.0000
7,143,18,0,80,0.0000,0.0000
8,142,22,0,80,0.0000,0.0000
9,139,23,0,80,0.0000,0.0000
10,134,21,0,80,0.0000,0.0000
11,132,19,0,80,0.0000,0.0000
12,127,21,0,80,0.0000,0.0000
13,124,24,0,80,0.0000,0.0000
14,121,21,0,80,0.0000,0.0000
15,118,26,0,80,0.0000,0.0000
16,115,18,0,80,0.0000,0.0000
17,111,21,0,80,0.0000,0.0000
18,107,20,0,80,0.0000,0.0000
19,101,21,0,80,0.0000,0.0000
20,96,18,0,80,0.0000,0.0000
21,95,20,0,80,0.0000,0.0000
22,88,18,0,80,0.0000,0.0000
23,87,16,0,80,0.0000,0.0000
24,84,18,0,80,0.0000,0.0000
25,80,19,0,80,0.0000,0.0000
26,76,13,0,80,0.0000,0.0000
27,70,8,0,80,0.0000,0.0000
28,64,8,0,80,0.0000,0.0000
29,60,8,0,80,0.0000,0.0000
30,56,9,0,80,0.0000,0.0000
31,51,7,0,80,0.0000,0.0000
32,48,9,0,80,0.0000,0.0000
33,47,7,0,80,0.0000,0.0000
34,43,8,0,80,0.0000,0.0000
35,35,2,0,80,0.0000,0.0000
36,32,4,0,80,0.0000,0.0000
37,29,4,0,80,0.0000,0.0000
38,26,1,0,80,0.0000,0.0000
39,24,3,0,80,0.0000,0.0000
40,22,1,0,80,0.0000,0.0000
41,18,0,0,80,0.0000,0.0000
42,15,0,0,80,0.0000,0.0000
43,14,1,0,80,0.0000,0.0000
44,13,0,0,80,0.0000,0.0000
45,12,0,0,80,0.0000,0.0000
46,11,0,0,80,0.0000,0.0000
47,9,0,0,80,0.0000,0.0000
48,8,0,0,80,0.0000,0.0000
49,8,0,0,80,0.0000,0.0000
50,6,0,0,80,0.0000,0.0000
51,4,0,0,80,0.0000,0.0000
52,4,0,0,80,0.0000,0.0000
53,3,0,0,80,0.0000,0.0000
54,3,0,0,80,0.0000,0.0000
55,3,0,0,80,0.0000,0.0000
56,3,0,0,80,0.0000,0.0000
57,2,0,0,80,0.0000,0.0000
58,2,0,0,80,0.0000,0.0000
59,2,0,0,80,0.0000,0.0000
60,1,0,0,80,0.0000,0.0000
61,1,0,0,80,0.0000,0.0000
62,1,0,0,80,0.0000,0.0000
63,1,0,0,80,0.0000,0.0000
64,1,0,0,80,0.0000,0.0000
65,1,0,0,80,0.0000,0.0000
66,0,0,0,80,0.0000,0.0000
1,150,16,0,80,0.1233,0.0000
2,150,16,0,80,0.0228,0.0000
3,149,18,0,80,0.0047,0.0000
4,148,13,0,80,0.0010,0.0000
5,148,21,0,80,0.0002,0.0000
6,146,19,0,80,0.0000,0.0000
7,143,22,0,80,0.0000,0.0000
8,143,26,0,80,0.0000,0.0000
9,141,20,0,80,0.0000,0.0000
10,138,19,0,80,0.0000,0.0000
11,136,19,0,80,0.0000,0.0000
12,133,21,0,80,0.0000,0.0000
13,127,20,0,80,0.0000,0.0000
14,120,19,0,80,0.0000,0.0000
15,114,20,0,80,0.0000,0.0000
16,110,20,0,80,0.0000,0.0000
17,106,23,0,80,0.0000,0.0000
18,103,11,0,80,0.0000,0.0000
19,97,13,0,80,0.0000,0.0000
20,91,17,0,80,0.0000,0.0000
21,85,14,0,80,0.0000,0.0000
22,80,10,0,80,0.0000,0.0000
23,72,7,0,80,0.0000,0.0000
24,66,12,0,80,0.0000,0.0000
25,59,9,0,80,0.0000,0.0000
26,55,10,0,80,0.0000,0.0000
27,50,6,0,80,0.0000,0.0000
28,47,7,0,80,0.0000,0.0000
29,43,7,0,80,0.0000,0.0000
30,40,4,0,80,0.0000,0.0000
31,37,4,0,80,0.0000,0.0000
32,33,2,0,80,0.0000,0.0000
33,31,4,0,80,0.0000,0.0000
34,29,2,0,80,0.0000,0.0000
35,26,1,0,80,0.0000,0.0000
36,20,2,0,80,0.0000,0.0000
37,18,1,0,80,0.0000,0.0000
38,14,0,0,80,0.0000,0.0000
39,13,0,0,80,0.0000,0.0000
40,9,0,0,80,0.0000,0.0000
41,7,0,0,80,0.0000,0.0000
42,6,0,0,80,0.0000,0.0000
43,6,0,0,80,0.0000,0.0000
44,6,0,0,80,0.0000,0.0000
45,5,0,0,80,0.0000,0.0000
46,3,0,0,80,0.0000,0.0000
47,3,1,0,80,0.0000,0.0000
48,3,0,0,80,0.0000,0.0000
49,2,0,0,80,0.0000,0.0000
50,2,0,0,80,0.0000,0.0000
51,2,0,0,80,0.0000,0.0000
52,2,0,0,80,0.0000,0.0000
53,1,0,0,80,0.0000,0.0000
54,1,0,0,80,0.0000,0.0000
55,1,0,0,80,0.0000,0.0000
56,1,0,0,80,0.0000,0.0000
57,1,0,0,80,0.0000,0.0000
58,1,0,0,80,0.0000,0.0000
59,0,0,0,80,0.0000,0.0000
1,150,21,0,80,0.1217,0.0000
2,149,14,0,80,0.0240,0.0000
3,148,20,0,80,0.0049,0.0000
4,147,13,0,80,0.0010,0.0000
5,147,20,0,80,0.0002,0.0000
6,146,22,0,80,0.0000,0.0000
7,144,14,0,80,0.0000,0.0000
8,143,17,0,80,0.0000,0.0000
9,139,18,0,80,0.0000,0.0000
10,138,22,0,80,0.0000,0.0000
11,137,24,0,80,0.0000,0.0000
12,134,27,0,80,0.0000,0.0000
13,129,23,0,80,0.0000,0.0000
14,128,18,0,80,0.0000,0.0000
15,122,26,0,80,0.0000,0.0000
16,118,22,0,80,0.0000,0.0000
17,110,21,0,80,0.0000,0.0000
18,105,16,0,80,0.0000,0.0000
19,102,24,0,80,0.0000,0.0000
20,98,18,0,80,0.0000,0.0000
21,93,15,0,80,0.0000,0.0000
22,85,11,0,80,0.0000,0.0000
23,81,11,0,80,0.0000,0.0000
24,75,12,0,80,0.0000,0.0000
25,70,10,0,80,0.0000,0.0000
26,66,13,0,80,0.0000,0.0000
27,61,11,0,80,0.0000,0.0000
28,57,10,0,80,0.0000,0.0000
29,53,8,0,80,0.0000,0.0000
30,50,3,0,80,0.0000,0.0000
31,47,3,0,80,0.0000,0.0000
32,43,6,0,80,0.0000,0.0000
33,37,7,0,80,0.0000,0.0000
34,35,7,0,80,0.0000,0.0000
35,33,3,0,80,0.0000,0.0000
36,28,3,0,80,0.0000,0.0000
37,26,3,0,80,0.0000,0.0000
38,23,1,0,80,0.0000,0.0000
39,19,4,0,80,0.0000,0.0000
40,16,2,0,80,0.0000,0.0000
41,14,2,0,80,0.0000,0.0000
42,12,1,0,80,0.0000,0.0000
43,10,0,0,80,0.0000,0.0000
44,9,0,0,80,0.0000,0.0000
45,9,0,0,80,0.0000,0.0000
46,6,1,0,80,0.0000,0.0000
47,5,1,0,80,0.0000,0.0000
48,5,0,0,80,0.0000,0.0000
49,5,0,0,80,0.0000,0.0000
50,2,0,0,80,0.0000,0.0000
51,2,0,0,80,0.0000,0.0000
52,2,0,0,80,0.0000,0.0000
53,2,0,0,80,0.0000,0.0000
54,2,0,0,80,0.0000,0.0000
55,1,0,0,80,0.0000,0.0000
56,1,0,0,80,0.0000,0.0000
57,1,0,0,80,0.0000,0.0000
58,1,0,0,80,0.0000,0.0000
59,1,0,0,80,0.0000,0.0000
60,1,0,0,80,0.0000,0.0000
61,0,0,0,80,0.0000,0.0000
